time;gFx;gFy;gFz;TgF
0,003041;-0,1004;0,1637;1,0444;1,062
0,003431;-0,0969;0,1860;1,0518;1,073
0,003957;-0,0933;0,1996;1,0463;1,069
0,004352;-0,0974;0,1958;1,0495;1,072
0,016741;-0,1013;0,1844;1,0477;1,069
0,017826;-0,0938;0,1733;1,0444;1,063
0,018247;-0,0835;0,1674;1,0368;1,054
0,018594;-0,0711;0,1656;1,0382;1,054
0,041199;-0,0606;0,1649;1,0434;1,058
0,042560;-0,0536;0,1663;1,0501;1,065
0,042982;-0,0485;0,1664;1,0526;1,067
0,043282;-0,0525;0,1666;1,0509;1,065
0,043602;-0,0600;0,1676;1,0462;1,061
0,043859;-0,0642;0,1692;1,0398;1,055
0,045358;-0,0636;0,1733;1,0366;1,053
0,053041;-0,0658;0,1756;1,0287;1,046
0,055219;-0,0677;0,1755;1,0208;1,038
0,064961;-0,0691;0,1781;1,0154;1,033
0,066033;-0,0696;0,1806;1,0054;1,024
0,066663;-0,0649;0,1816;0,9925;1,011
0,070274;-0,0516;0,1844;0,9704;0,989
0,077167;-0,0442;0,1867;0,9553;0,974
0,077791;-0,0374;0,1859;0,9510;0,970
0,081224;-0,0294;0,1843;0,9539;0,972
0,084941;-0,0264;0,1821;0,9596;0,977
0,089325;-0,0327;0,1803;0,9620;0,979
0,092904;-0,0443;0,1786;0,9557;0,973
0,099673;-0,0526;0,1779;0,9436;0,962
0,101135;-0,0589;0,1782;0,9249;0,944
0,107516;-0,0584;0,1752;0,9133;0,932
0,108928;-0,0596;0,1717;0,9079;0,926
0,114170;-0,0579;0,1673;0,9119;0,929
0,116952;-0,0498;0,1612;0,9092;0,925
0,120706;-0,0334;0,1479;0,9039;0,917
0,124954;-0,0066;0,1197;0,8897;0,898
0,128671;-0,0158;0,1294;0,8880;0,897
0,132947;-0,0352;0,1517;0,8930;0,906
0,139794;-0,0505;0,1674;0,9037;0,920
0,141290;-0,0620;0,1873;0,9354;0,956
0,144571;-0,0679;0,2029;0,9812;1,004
0,148674;-0,0614;0,2071;1,0013;1,024
0,152366;-0,0524;0,1994;1,0005;1,022
0,157514;-0,0387;0,1811;0,9924;1,010
0,160478;-0,0269;0,1501;0,9890;1,001
0,165013;-0,0299;0,1218;0,9934;1,001
0,172518;-0,0341;0,1080;0,9911;0,998
0,173149;-0,0345;0,1092;0,9887;0,995
0,176285;-0,0264;0,1237;0,9939;1,002
0,180211;-0,0026;0,1275;0,9947;1,003
0,184181;-0,0006;0,1217;1,0073;1,015
0,189465;-0,0394;0,1265;1,0265;1,035
0,192345;-0,0739;0,1563;1,0217;1,036
0,196190;-0,0618;0,1892;1,0102;1,030
0,200764;-0,0277;0,2055;1,0059;1,027
0,219766;0,0026;0,2035;0,9980;1,019
0,221216;0,0063;0,1831;0,9887;1,006
0,221674;-0,0008;0,1506;0,9767;0,988
0,222386;-0,0013;0,1269;0,9730;0,981
0,223099;0,0023;0,1177;0,9759;0,983
0,226608;0,0115;0,1183;0,9787;0,986
0,227998;0,0171;0,1305;0,9728;0,982
0,232230;0,0290;0,1442;0,9665;0,978
0,235869;0,0375;0,1562;0,9596;0,973
0,240147;0,0402;0,1623;0,9514;0,966
0,243768;0,0289;0,1591;0,9443;0,958
0,248214;0,0258;0,1437;0,9364;0,948
0,251888;0,0292;0,1289;0,9323;0,942
0,256665;0,0392;0,1154;0,9342;0,942
0,259682;0,0425;0,1086;0,9408;0,948
0,263594;0,0383;0,1136;0,9480;0,956
0,267634;0,0307;0,1332;0,9632;0,973
0,272408;0,0380;0,1556;0,9794;0,992
0,275524;0,0572;0,1771;0,9997;1,017
0,283377;0,0640;0,1870;1,0081;1,027
0,284124;0,0577;0,1853;1,0133;1,032
0,289148;0,0394;0,1749;1,0130;1,029
0,291779;0,0332;0,1667;1,0085;1,023
0,297583;0,0324;0,1622;1,0109;1,024
0,299546;0,0331;0,1624;1,0126;1,026
0,303556;0,0354;0,1641;1,0068;1,021
0,307453;0,0450;0,1666;0,9991;1,014
0,311333;0,0563;0,1669;0,9922;1,008
0,315943;0,0633;0,1646;0,9953;1,011
0,319344;0,0692;0,1596;1,0005;1,015
0,336254;0,0701;0,1564;1,0072;1,022
0,337868;0,0626;0,1574;1,0168;1,031
0,338239;0,0502;0,1596;1,0203;1,034
0,338508;0,0313;0,1653;1,0239;1,038
0,341861;0,0117;0,1712;1,0268;1,041
0,343079;0,0010;0,1794;1,0290;1,045
0,352689;-0,0035;0,1862;1,0257;1,042
0,355156;-0,0128;0,1891;1,0162;1,034
0,357677;-0,0220;0,1926;0,9992;1,018
0,367526;-0,0251;0,1967;0,9682;0,988
0,369456;-0,0142;0,1966;0,9407;0,961
0,370448;-0,0116;0,1905;0,9264;0,946
0,373543;-0,0150;0,1825;0,9155;0,934
0,377018;-0,0104;0,1808;0,9003;0,918
0,378939;-0,0067;0,1773;0,8847;0,902
0,383868;-0,0109;0,1712;0,8855;0,902
0,388251;-0,0172;0,1676;0,8936;0,909
0,391463;-0,0204;0,1645;0,9114;0,926
0,394781;-0,0185;0,1652;0,9322;0,947
0,398733;-0,0179;0,1666;0,9485;0,963
0,402721;-0,0159;0,1660;0,9641;0,978
0,406902;-0,0184;0,1702;0,9675;0,983
0,410681;-0,0240;0,1723;0,9825;0,998
0,414619;-0,0300;0,1794;0,9982;1,015
0,418559;-0,0333;0,1878;1,0147;1,032
0,422597;-0,0323;0,1985;1,0326;1,052
0,426591;-0,0300;0,2063;1,0467;1,067
0,430386;-0,0266;0,2126;1,0545;1,076
0,434614;-0,0190;0,2141;1,0567;1,078
0,438612;-0,0135;0,2069;1,0545;1,075
0,442402;-0,0083;0,1896;1,0502;1,067
0,448867;-0,0061;0,1720;1,0570;1,071
0,451007;-0,0022;0,1642;1,0676;1,080
0,458229;0,0086;0,1632;1,0806;1,093
0,459083;0,0280;0,1757;1,0928;1,107
0,462667;0,0412;0,1891;1,0923;1,109
0,466947;0,0474;0,1981;1,0854;1,104
0,484319;0,0421;0,1976;1,0787;1,097
0,485169;0,0295;0,1908;1,0700;1,087
0,485411;0,0177;0,1813;1,0561;1,072
0,485622;0,0065;0,1723;1,0426;1,057
0,506088;-0,0021;0,1672;1,0222;1,036
0,506995;-0,0061;0,1666;1,0016;1,015
0,507237;-0,0035;0,1697;0,9785;0,993
0,507473;0,0011;0,1666;0,9558;0,970
0,507681;0,0027;0,1626;0,9368;0,951
0,507914;-0,0008;0,1524;0,9121;0,925
0,509816;0,0032;0,1428;0,8928;0,904
0,513699;0,0262;0,1378;0,8747;0,886
0,517962;0,0394;0,1394;0,8913;0,903
0,522060;0,0332;0,1331;0,8883;0,899
0,526222;0,0088;0,1191;0,8762;0,884
0,529980;0,0012;0,1153;0,8767;0,884
0,539061;0,0122;0,1230;0,8948;0,903
0,542310;0,0285;0,1343;0,9205;0,931
0,542835;0,0388;0,1420;0,9359;0,947
0,545464;0,0439;0,1473;0,9518;0,964
0,549396;0,0441;0,1476;0,9605;0,973
0,554046;0,0497;0,1466;0,9715;0,984
0,557499;0,0586;0,1474;0,9807;0,993
0,562319;0,0732;0,1468;0,9770;0,991
0,565507;0,0828;0,1449;0,9762;0,990
0,571368;0,0869;0,1425;0,9711;0,985
0,573801;0,0887;0,1385;0,9658;0,980
0,577729;0,0848;0,1333;0,9640;0,977
0,581176;0,0758;0,1280;0,9643;0,976
0,585294;0,0673;0,1278;0,9598;0,971
0,589656;0,0589;0,1327;0,9594;0,970
0,593177;0,0471;0,1415;0,9683;0,980
0,597045;0,0473;0,1719;0,9645;0,981
0,600994;0,0534;0,2046;0,9084;0,933
0,607435;0,0333;0,2007;0,8932;0,916
0,609463;-0,0224;0,1592;0,9495;0,963
0,615145;-0,0609;0,1342;1,0016;1,012
0,617829;-0,0662;0,1395;1,0203;1,032
0,623063;-0,0545;0,1695;1,0200;1,035
0,625397;-0,0432;0,2076;1,0084;1,030
0,628897;-0,0397;0,2334;1,0007;1,028
0,632839;-0,0412;0,2487;0,9998;1,031
0,637573;-0,0505;0,2541;0,9930;1,026
0,640716;-0,0675;0,2519;0,9910;1,025
0,644791;-0,0779;0,2496;0,9911;1,025
0,649462;-0,0758;0,2528;0,9916;1,026
0,654547;-0,0678;0,2567;0,9950;1,030
0,657144;-0,0625;0,2599;1,0040;1,039
0,660816;-0,0595;0,2590;1,0115;1,046
0,664881;-0,0552;0,2547;1,0127;1,046
0,668918;-0,0501;0,2550;1,0134;1,046
0,672967;-0,0419;0,2573;1,0164;1,049
0,679271;-0,0379;0,2647;1,0208;1,055
0,680474;-0,0358;0,2726;1,0138;1,050
0,684465;-0,0370;0,2747;0,9994;1,037
0,688929;-0,0418;0,2728;0,9864;1,024
0,694845;-0,0472;0,2627;0,9771;1,013
0,696322;-0,0491;0,2506;0,9680;1,001
0,700514;-0,0441;0,2412;0,9670;0,998
0,705091;-0,0338;0,2302;0,9646;0,992
0,708457;-0,0213;0,2202;0,9624;0,987
0,712406;-0,0073;0,2103;0,9684;0,991
0,716326;0,0095;0,1972;0,9819;1,002
0,720899;0,0285;0,1962;0,9834;1,003
0,724209;0,0339;0,1908;0,9889;1,008
0,728196;0,0242;0,1760;0,9981;1,014
0,733902;0,0106;0,1611;1,0084;1,021
0,739803;0,0009;0,1546;1,0094;1,021
0,741402;0,0010;0,1565;0,9972;1,009
0,744251;0,0011;0,1626;0,9894;1,003
0,748235;-0,0002;0,1587;0,9854;0,998
0,753177;-0,0053;0,1548;0,9905;1,003
0,757003;-0,0029;0,1495;0,9988;1,010
0,760321;0,0046;0,1463;0,9976;1,008
0,764077;0,0124;0,1466;0,9938;1,005
0,768127;0,0163;0,1461;0,9970;1,008
0,780524;0,0210;0,1467;0,9993;1,010
0,782428;0,0301;0,1472;0,9992;1,010
0,782925;0,0355;0,1470;1,0008;1,012
0,784534;0,0394;0,1468;1,0009;1,012
0,797732;0,0389;0,1408;1,0024;1,013
0,799578;0,0422;0,1383;1,0039;1,014
0,800012;0,0438;0,1392;0,9983;1,009
0,803607;0,0415;0,1382;0,9976;1,008
0,804693;0,0417;0,1357;0,9967;1,007
0,809873;0,0431;0,1344;0,9962;1,006
0,811731;0,0426;0,1329;0,9921;1,002
0,815785;0,0412;0,1340;0,9901;1,000
0,822821;0,0403;0,1336;0,9811;0,991
0,824444;0,0404;0,1358;0,9717;0,982
0,827510;0,0361;0,1382;0,9603;0,971
0,831445;0,0305;0,1407;0,9521;0,963
0,835738;0,0261;0,1425;0,9441;0,955
0,839428;0,0195;0,1453;0,9414;0,953
0,844592;0,0083;0,1467;0,9499;0,961
0,847559;0,0001;0,1551;0,9606;0,973
0,854001;0,0002;0,1683;0,9657;0,980
0,856075;-0,0010;0,1765;0,9629;0,979
0,859251;-0,0035;0,1804;0,9630;0,980
0,863142;-0,0049;0,1796;0,9665;0,983
0,867112;-0,0039;0,1740;0,9695;0,985
0,872029;-0,0045;0,1674;0,9753;0,990
0,875307;-0,0041;0,1704;0,9804;0,995
0,879153;0,0048;0,1797;0,9828;0,999
0,883219;0,0132;0,1875;0,9954;1,013
0,894612;0,0161;0,1900;1,0090;1,027
0,895639;0,0186;0,1883;1,0179;1,035
0,895939;0,0141;0,1806;1,0228;1,039
0,899062;0,0049;0,1468;1,0312;1,042
0,912424;0,0046;0,1089;1,0299;1,036
0,913906;0,0192;0,1214;1,0254;1,033
0,915046;0,0352;0,1645;1,0081;1,022
0,915411;0,0370;0,2052;0,9813;1,003
0,919839;0,0225;0,2238;0,9686;0,994
0,926756;-0,0050;0,2195;0,9641;0,989
0,928528;-0,0294;0,2029;0,9668;0,988
0,932953;-0,0418;0,1823;0,9737;0,991
0,934746;-0,0369;0,1707;0,9868;1,002
0,939660;-0,0311;0,1745;1,0150;1,030
0,942753;-0,0352;0,1822;1,0275;1,044
0,946746;-0,0452;0,1905;1,0155;1,034
0,950742;-0,0525;0,1992;1,0245;1,045
0,954954;-0,0464;0,2143;1,0453;1,068
0,958788;-0,0298;0,2213;1,0512;1,075
0,962452;-0,0028;0,2220;1,0386;1,062
0,966775;0,0082;0,2178;1,0229;1,046
0,970789;0,0017;0,2035;1,0293;1,049
0,974375;-0,0097;0,1858;1,0525;1,069
0,978657;-0,0098;0,1770;1,0564;1,071
0,982636;-0,0020;0,1736;1,0425;1,057
0,987436;0,0056;0,1717;1,0202;1,035
0,990546;0,0062;0,1655;1,0017;1,015
0,994411;0,0004;0,1578;0,9945;1,007
0,998406;-0,0082;0,1532;0,9976;1,009
1,004308;-0,0102;0,1528;1,0049;1,017
1,006169;-0,0056;0,1613;1,0162;1,029
1,015364;0,0037;0,1673;1,0307;1,044
1,017200;0,0134;0,1738;1,0399;1,054
1,019430;0,0198;0,1748;1,0513;1,066
1,022867;0,0233;0,1745;1,0603;1,075
1,026016;0,0307;0,1748;1,0591;1,074
1,030422;0,0315;0,1718;1,0618;1,076
1,033855;0,0281;0,1663;1,0645;1,078
1,045637;0,0235;0,1650;1,0663;1,079
1,047813;0,0261;0,1677;1,0622;1,076
1,048388;0,0314;0,1707;1,0402;1,055
1,050284;0,0298;0,1690;1,0217;1,036
1,065160;0,0249;0,1634;1,0095;1,023
1,067089;0,0204;0,1627;0,9966;1,010
1,067478;0,0166;0,1617;0,9885;1,002
1,067709;0,0086;0,1611;0,9747;0,988
1,075843;0,0046;0,1609;0,9587;0,972
1,077636;0,0049;0,1571;0,9490;0,962
1,078081;-0,0001;0,1522;0,9465;0,959
1,082039;-0,0048;0,1515;0,9385;0,951
1,090541;-0,0034;0,1555;0,9350;0,948
1,091907;0,0004;0,1565;0,9342;0,947
1,093604;0,0045;0,1598;0,9421;0,956
1,097502;0,0066;0,1598;0,9551;0,968
1,101653;0,0024;0,1550;0,9712;0,983
1,107018;-0,0073;0,1451;0,9831;0,994
1,109619;-0,0095;0,1406;0,9848;0,995
1,113325;-0,0035;0,1463;0,9817;0,993
1,117406;0,0038;0,1531;0,9795;0,991
1,122264;0,0100;0,1562;0,9845;0,997
1,125357;0,0132;0,1551;0,9897;1,002
1,129219;0,0090;0,1542;0,9952;1,007
1,134038;0,0052;0,1519;0,9959;1,007
1,137480;0,0042;0,1501;0,9931;1,004
1,142918;0,0024;0,1483;0,9914;1,002
1,145223;0,0040;0,1457;0,9914;1,002
1,149444;0,0053;0,1437;0,9906;1,001
1,153329;0,0074;0,1401;0,9878;0,998
1,157396;0,0071;0,1378;0,9901;1,000
1,160990;0,0150;0,1387;0,9943;1,004
1,164978;0,0211;0,1420;0,9958;1,006
1,172152;0,0263;0,1473;0,9998;1,011
1,172814;0,0252;0,1478;1,0116;1,023
1,176968;0,0246;0,1474;1,0188;1,030
1,180780;0,0227;0,1500;1,0198;1,031
1,184996;0,0173;0,1510;1,0182;1,029
1,191433;0,0143;0,1504;1,0153;1,026
1,193247;0,0112;0,1483;1,0046;1,016
1,199941;0,0070;0,1448;0,9925;1,003
1,201381;0,0026;0,1397;0,9849;0,995
1,209658;0,0004;0,1391;0,9732;0,983
1,211055;0,0001;0,1433;0,9597;0,970
1,213245;0,0015;0,1469;0,9417;0,953
1,216592;-0,0013;0,1470;0,9291;0,941
1,223233;-0,0022;0,1467;0,9269;0,938
1,224858;-0,0034;0,1420;0,9345;0,945
1,228531;-0,0049;0,1418;0,9488;0,959
1,232507;-0,0040;0,1432;0,9597;0,970
1,237141;-0,0039;0,1460;0,9677;0,979
1,240516;-0,0044;0,1471;0,9719;0,983
1,245818;-0,0020;0,1463;0,9758;0,987
1,250465;-0,0000;0,1416;0,9803;0,991
1,253398;0,0006;0,1320;0,9861;0,995
1,256415;0,0046;0,1231;0,9950;1,003
1,260323;0,0047;0,1282;0,9992;1,007
1,264444;0,0069;0,1380;1,0059;1,015
1,270422;0,0129;0,1463;1,0109;1,022
1,272340;0,0188;0,1491;1,0152;1,026
1,276195;0,0216;0,1496;1,0193;1,030
1,280393;0,0254;0,1440;1,0217;1,032
1,284121;0,0280;0,1333;1,0225;1,032
1,288844;0,0336;0,1031;0,9864;0,992
1,293008;0,0278;0,0987;0,9895;0,995
1,295967;0,0235;0,1135;0,9948;1,001
1,300230;0,0288;0,1354;0,9930;1,003
1,312129;0,0318;0,1489;0,9977;1,009
1,313624;0,0326;0,1527;1,0004;1,013
1,314317;0,0357;0,1441;1,0031;1,014
1,316195;0,0362;0,1292;1,0042;1,013
1,327696;0,0330;0,1140;1,0103;1,017
1,330362;0,0332;0,1083;1,0096;1,016
1,331609;0,0308;0,1110;1,0045;1,011
1,333004;0,0275;0,1167;1,0004;1,008
1,340159;0,0278;0,1179;0,9981;1,005
1,341593;0,0297;0,1179;0,9997;1,007
1,343808;0,0327;0,1122;1,0046;1,011
1,348131;0,0378;0,1043;1,0077;1,014
1,355184;0,0420;0,1022;1,0177;1,024
1,359491;0,0444;0,1001;1,0248;1,031
1,360533;0,0481;0,1000;1,0321;1,038
1,366346;0,0515;0,0981;1,0356;1,041
1,367961;0,0519;0,0969;1,0354;1,041
1,371866;0,0504;0,0970;1,0379;1,044
1,375500;0,0457;0,0961;1,0446;1,050
1,379398;0,0429;0,0944;1,0529;1,058
1,383371;0,0408;0,0915;1,0560;1,061
1,387461;0,0395;0,0938;1,0510;1,056
1,391431;0,0400;0,0872;1,0485;1,053
1,395641;0,0415;0,0790;1,0467;1,051
1,399365;0,0393;0,0766;1,0434;1,047
1,403178;0,0367;0,0768;1,0405;1,044
1,409399;0,0310;0,0754;1,0424;1,046
1,411088;0,0214;0,0707;1,0479;1,051
1,415768;0,0146;0,0633;1,0501;1,052
1,420660;0,0105;0,0604;1,0497;1,051
1,423526;0,0056;0,0617;1,0455;1,047
1,427212;0,0033;0,0642;1,0399;1,042
1,431290;-0,0013;0,0673;1,0285;1,031
1,436540;-0,0042;0,0695;1,0255;1,028
1,439229;-0,0072;0,0697;1,0269;1,029
1,443030;-0,0159;0,0731;1,0435;1,046
1,447244;-0,0139;0,0800;1,0481;1,051
1,451742;-0,0067;0,0874;1,0449;1,049
1,455191;0,0015;0,0934;1,0396;1,044
1,459247;0,0119;0,0966;1,0365;1,041
1,462945;0,0216;0,1069;1,0344;1,040
1,466857;0,0248;0,1181;1,0358;1,043
1,478634;0,0282;0,1271;1,0299;1,038
1,479767;0,0358;0,1315;1,0137;1,023
1,480173;0,0384;0,1308;0,9955;1,005
1,495684;0,0383;0,1255;0,9799;0,989
1,496688;0,0390;0,1203;0,9663;0,975
1,496987;0,0374;0,1119;0,9574;0,965
1,497249;0,0351;0,1059;0,9534;0,960
1,498660;0,0316;0,1000;0,9650;0,971
1,507690;0,0232;0,0850;0,9990;1,003
1,508718;0,0090;0,0578;1,0349;1,037
1,511710;-0,0118;0,0282;1,0572;1,058
1,517606;-0,0368;-0,0221;1,0911;1,092
1,521393;-0,0781;-0,0200;1,0464;1,050
1,523212;-0,0965;-0,0060;0,9931;0,998
1,526470;-0,0819;0,0314;0,9517;0,956
1,532222;-0,0533;0,0630;0,9402;0,944
1,534268;-0,0354;0,0869;0,9366;0,941
1,538681;-0,0404;0,1025;0,9424;0,949
1,542563;-0,0425;0,1048;0,9415;0,948
1,546601;-0,0422;0,1039;0,9369;0,944
1,550741;-0,0432;0,1007;0,9364;0,943
1,554446;-0,0453;0,1036;0,9359;0,943
1,559119;-0,0510;0,1043;0,9388;0,946
1,562256;-0,0509;0,1057;0,9416;0,949
1,569894;-0,0442;0,1082;0,9417;0,949
1,571679;-0,0366;0,1089;0,9431;0,950
1,574048;-0,0297;0,1085;0,9519;0,958
1,577903;-0,0232;0,1064;0,9657;0,972
1,583065;-0,0198;0,1009;0,9766;0,982
1,587417;-0,0220;0,0954;0,9856;0,990
1,589670;-0,0289;0,0877;0,9859;0,990
1,594015;-0,0380;0,0824;0,9856;0,990
1,598039;-0,0454;0,0761;0,9834;0,987
1,606474;-0,0462;0,0769;0,9779;0,982
1,607529;-0,0382;0,0825;0,9756;0,980
1,612862;-0,0234;0,0850;0,9739;0,978
1,614346;-0,0107;0,0791;0,9733;0,977
1,628476;-0,0051;0,0675;0,9737;0,976
1,631237;-0,0048;0,0575;0,9755;0,977
1,631675;-0,0124;0,0474;0,9773;0,978
1,631967;-0,0226;0,0397;0,9783;0,979
1,634087;-0,0288;0,0338;0,9840;0,985
1,641360;-0,0336;0,0305;0,9905;0,992
1,642399;-0,0367;0,0276;0,9980;0,999
1,648900;-0,0353;0,0198;1,0005;1,001
1,653566;-0,0275;-0,0090;1,0023;1,003
1,654340;-0,0684;-0,0370;0,9998;1,003
1,657267;-0,1391;-0,0628;0,9757;0,988
1,662058;-0,2483;-0,1327;0,9491;0,990
1,665406;-0,3026;-0,1565;0,9374;0,997
1,669635;-0,2992;-0,1476;0,9371;0,995
1,673406;-0,2546;-0,1196;0,9466;0,988
1,677852;-0,1953;-0,0842;0,9633;0,987
1,682962;-0,1269;-0,0357;0,9819;0,991
1,688414;-0,0755;0,0083;0,9923;0,995
1,689961;-0,0518;0,0410;0,9904;0,993
1,693340;-0,0361;0,0716;0,9827;0,986
1,697995;-0,0307;0,0899;0,9790;0,984
1,702763;-0,0244;0,1034;0,9822;0,988
1,705171;-0,0109;0,1125;0,9891;0,995
1,709067;0,0055;0,1191;0,9872;0,994
1,712911;0,0193;0,1223;0,9820;0,990
1,717275;0,0151;0,1164;0,9782;0,985
1,721132;-0,0022;0,1038;0,9787;0,984
1,727233;-0,0278;0,0878;0,9782;0,983
1,729406;-0,0439;0,0732;0,9795;0,983
1,732792;-0,0582;0,0603;0,9809;0,984
1,746376;-0,0711;0,0525;0,9836;0,988
1,747956;-0,0813;0,0514;0,9938;0,998
1,748870;-0,0923;0,0482;1,0111;1,016
1,749556;-0,0973;0,0456;1,0223;1,028
1,763425;-0,1020;0,0405;1,0337;1,040
1,765030;-0,1026;0,0351;1,0418;1,047
1,765469;-0,1051;0,0284;1,0451;1,051
1,765771;-0,1083;0,0188;1,0496;1,055
1,773519;-0,1147;0,0093;1,0540;1,060
1,775017;-0,1214;0,0022;1,0513;1,058
1,776835;-0,1265;-0,0033;1,0418;1,049
1,781058;-0,1317;-0,0057;1,0280;1,036
1,788026;-0,1357;-0,0077;1,0088;1,018
1,789761;-0,1380;-0,0029;0,9878;0,997
1,792501;-0,1356;0,0039;0,9723;0,982
1,796464;-0,1252;0,0160;0,9526;0,961
1,800319;-0,1097;0,0302;0,9346;0,942
1,806498;-0,0971;0,0403;0,9218;0,928
1,808138;-0,0796;0,0539;0,9109;0,916
1,812741;-0,0659;0,0649;0,9060;0,911
1,816464;-0,0508;0,0778;0,9025;0,907
1,820292;-0,0348;0,0911;0,8992;0,904
1,824696;-0,0108;0,1077;0,9015;0,908
1,828209;0,0225;0,1345;0,9079;0,918
1,832026;0,0454;0,1545;0,9170;0,931
1,839655;0,0598;0,1696;0,9247;0,942
1,840983;0,0611;0,1780;0,9331;0,952
1,844056;0,0550;0,1800;0,9456;0,964
1,848065;0,0471;0,1748;0,9601;0,977
1,852535;0,0373;0,1621;0,9780;0,992
1,856134;0,0283;0,1517;0,9918;1,004
1,859908;0,0190;0,1385;1,0065;1,016
1,864304;0,0063;0,1286;1,0194;1,028
1,870515;-0,0046;0,1206;1,0236;1,031
1,873627;-0,0164;0,1100;1,0187;1,025
1,876095;-0,0259;0,0984;1,0101;1,015
1,880608;-0,0365;0,0902;1,0022;1,007
1,895446;-0,0447;0,0837;0,9993;1,004
1,897634;-0,0493;0,0771;0,9982;1,002
1,898318;-0,0497;0,0734;0,9965;1,000
1,898801;-0,0445;0,0735;0,9987;1,002
1,916283;-0,0402;0,0773;1,0110;1,015
1,916990;-0,0428;0,0884;1,0590;1,064
1,917233;-0,0508;0,1014;1,1204;1,126
1,917445;-0,0381;0,1196;1,1729;1,180
1,917672;-0,0056;0,1330;1,1759;1,183
1,920242;0,0383;0,1455;1,1380;1,148
1,923537;0,0665;0,1590;1,0885;1,102
1,927303;0,0695;0,1728;1,0469;1,063
1,932751;0,0631;0,1798;1,0164;1,034
1,936014;0,0501;0,1838;1,0053;1,023
1,939808;0,0515;0,1854;0,9933;1,012
1,943721;0,0538;0,1855;0,9795;0,998
1,947233;0,0549;0,1866;0,9680;0,987
1,954473;0,0521;0,1886;0,9499;0,970
1,956945;0,0447;0,1850;0,9256;0,945
1,959529;0,0342;0,1828;0,9078;0,927
1,965162;0,0212;0,1758;0,8934;0,911
1,969102;0,0050;0,1634;0,8903;0,905
1,974421;-0,0105;0,1511;0,8975;0,910
1,976549;-0,0261;0,1204;0,9303;0,938
1,979255;-0,0462;0,0943;0,9837;0,989
1,983400;-0,0936;0,0225;1,0069;1,012
1,988141;-0,1526;0,0009;0,9958;1,007
1,991652;-0,1668;0,0288;0,9619;0,977
1,995537;-0,1564;0,0537;0,9411;0,956
1,999020;-0,1339;0,0652;0,9511;0,963
2,004344;-0,0816;0,0694;0,9745;0,980
2,007343;-0,0280;0,0729;0,9890;0,992
2,010915;-0,0029;0,0839;0,9986;1,002
2,014614;0,0038;0,1015;1,0010;1,006
2,027101;-0,0001;0,1199;0,9990;1,006
2,028304;-0,0075;0,1316;0,9972;1,006
2,028611;-0,0113;0,1400;1,0004;1,010
2,030915;-0,0115;0,1417;1,0070;1,017
2,043644;-0,0048;0,1421;1,0111;1,021
2,044764;0,0048;0,1383;1,0106;1,020
2,045143;0,0116;0,1380;1,0078;1,017
2,047065;0,0133;0,1387;1,0076;1,017
2,057529;0,0145;0,1401;1,0059;1,016
2,058941;0,0175;0,1442;0,9960;1,006
2,059546;0,0277;0,1391;0,9769;0,987
2,062684;0,0338;0,1366;0,9608;0,971
2,066542;0,0262;0,1439;0,9624;0,973
2,070652;0,0132;0,1587;0,9735;0,986
2,074315;0,0036;0,1700;0,9807;0,995
2,078242;-0,0074;0,1750;0,9761;0,992
2,082412;-0,0182;0,1754;0,9593;0,975
2,087454;-0,0318;0,1757;0,9415;0,958
2,090323;-0,0454;0,1695;0,9295;0,946
2,094420;-0,0556;0,1663;0,9220;0,938
2,098413;-0,0653;0,1602;0,9237;0,940
2,103985;-0,0740;0,1526;0,9259;0,941
2,107611;-0,0787;0,1445;0,9317;0,946
2,110233;-0,0795;0,1399;0,9365;0,950
2,114869;-0,0771;0,1438;0,9392;0,953
2,120333;-0,0737;0,1492;0,9437;0,958
2,124290;-0,0687;0,1497;0,9494;0,964
2,126322;-0,0639;0,1461;0,9559;0,969
2,130284;-0,0551;0,1345;0,9668;0,978
2,137023;-0,0382;0,1374;0,9927;1,003
2,139263;-0,0201;0,1538;1,0026;1,014
2,141874;-0,0121;0,1705;0,9906;1,005
2,146093;-0,0154;0,1725;0,9718;0,987
2,152312;-0,0235;0,1729;0,9618;0,978
2,154614;-0,0259;0,1756;0,9667;0,983
2,157855;-0,0220;0,1801;0,9761;0,993
2,165409;-0,0166;0,1882;0,9806;0,999
2,165894;-0,0093;0,1893;0,9783;0,997
2,177419;-0,0142;0,1862;0,9747;0,992
2,179530;-0,0331;0,1750;0,9651;0,981
2,179955;-0,0529;0,1520;0,9573;0,971
2,196109;-0,0724;0,1300;0,9597;0,971
2,197668;-0,0877;0,1221;0,9699;0,982
2,198189;-0,0906;0,1286;0,9754;0,988
2,198686;-0,0827;0,1427;0,9707;0,985
2,198971;-0,0580;0,1448;0,9593;0,972
2,211735;-0,0412;0,1374;0,9452;0,956
2,212649;-0,0469;0,1587;0,9766;0,991
2,212877;-0,0461;0,1909;1,0056;1,025
2,213129;-0,0435;0,2290;1,0261;1,052
2,217541;-0,0466;0,2461;1,0266;1,057
2,225576;-0,0552;0,2470;1,0120;1,043
2,226500;-0,0586;0,2289;0,9892;1,017
2,229338;-0,0585;0,1997;0,9785;1,000
2,233118;-0,0650;0,1836;0,9879;1,007
2,237104;-0,0762;0,1834;1,0174;1,037
2,241919;-0,0685;0,1915;1,0375;1,057
2,244898;-0,0428;0,2016;1,0466;1,067
2,249588;-0,0203;0,2061;1,0437;1,064
2,253844;-0,0007;0,2006;1,0299;1,049
2,256873;0,0053;0,1833;1,0112;1,028
2,261030;0,0055;0,1660;0,9987;1,012
2,265035;-0,0009;0,1610;0,9897;1,003
2,269290;-0,0062;0,1710;0,9851;1,000
2,273046;-0,0097;0,1868;0,9802;0,998
2,276808;-0,0217;0,1962;0,9762;0,996
2,285482;-0,0361;0,1913;0,9751;0,994
2,286727;-0,0521;0,1736;0,9700;0,987
2,288761;-0,0679;0,1614;0,9653;0,981
2,292746;-0,0730;0,1595;0,9643;0,980
2,297254;-0,0748;0,1623;0,9632;0,980
2,301874;-0,0723;0,1644;0,9668;0,983
2,305642;-0,0626;0,1764;0,9789;0,997
2,308638;-0,0526;0,1916;0,9997;1,019
2,312725;-0,0439;0,2065;1,0189;1,040
2,327817;-0,0315;0,2192;1,0406;1,064
2,328779;-0,0199;0,2275;1,0626;1,087
2,329330;-0,0112;0,2323;1,0765;1,101
2,329692;-0,0054;0,2277;1,0738;1,098
2,349253;-0,0054;0,2176;1,0660;1,088
2,354774;-0,0036;0,2137;1,0501;1,072
2,355244;0,0050;0,2103;1,0293;1,051
2,355528;0,0107;0,2075;1,0065;1,028
2,357741;0,0062;0,2054;0,9825;1,004
2,358036;-0,0052;0,2088;0,9584;0,981
2,358391;-0,0126;0,2132;0,9372;0,961
2,362320;-0,0186;0,2141;0,9219;0,947
2,364139;-0,0160;0,2105;0,9170;0,941
2,368396;-0,0066;0,2127;0,9180;0,942
2,372109;0,0078;0,2227;0,9128;0,940
2,376278;0,0173;0,2289;0,9002;0,929
2,380161;0,0229;0,2363;0,8807;0,912
2,388940;0,0225;0,2362;0,8639;0,896
2,390837;0,0196;0,2296;0,8488;0,879
2,396660;0,0204;0,2257;0,8463;0,876
2,404558;0,0256;0,2130;0,8504;0,877
2,425600;0,0560;0,1302;0,8357;0,848
2,433151;0,1029;0,0128;0,8233;0,830
2,434362;0,0886;0,0772;0,8535;0,862
2,435467;0,0475;0,1845;0,8289;0,851
2,435961;0,0039;0,2414;0,8154;0,850
2,436407;-0,0190;0,2710;0,8302;0,873
2,439861;-0,0202;0,2545;0,8315;0,870
2,440520;-0,0071;0,2355;0,8219;0,855
2,441775;0,0136;0,2205;0,7899;0,820
2,442818;0,0313;0,2145;0,7679;0,798
2,443848;0,0416;0,2129;0,7579;0,788
2,459132;0,0471;0,2108;0,7514;0,782
2,460359;0,0488;0,2095;0,7468;0,777
2,460637;0,0482;0,2071;0,7435;0,773
2,461039;0,0449;0,2062;0,7480;0,777
2,472828;0,0412;0,2070;0,7516;0,781
2,473723;0,0344;0,2055;0,7429;0,772
2,473918;0,0233;0,1999;0,7286;0,756
2,474265;0,0138;0,1999;0,7133;0,741
2,475879;0,0074;0,2026;0,6973;0,726
2,479497;0,0048;0,2064;0,6833;0,714
2,486328;0,0017;0,2020;0,6691;0,699
2,488385;-0,0003;0,1982;0,6560;0,685
2,491329;-0,0006;0,1980;0,6438;0,674
2,495433;-0,0052;0,1963;0,6447;0,674
2,501836;-0,0178;0,1901;0,6459;0,674
2,503409;-0,0250;0,1779;0,6333;0,658
2,507105;-0,0251;0,1599;0,6017;0,623
2,511150;-0,0160;0,1378;0,5666;0,583
2,514910;0,0067;0,1182;0,5330;0,546
2,520941;0,0144;0,0992;0,5217;0,531
2,523533;0,0166;0,0868;0,5141;0,522
2,527007;0,0127;0,0753;0,4954;0,501
2,535208;0,0090;0,0665;0,4580;0,463
2,536458;0,0016;0,0507;0,4328;0,436
2,538988;0,0092;0,0416;0,4068;0,409
2,542823;0,0174;0,0466;0,3763;0,380
2,547029;0,0261;0,0682;0,3548;0,362
2,551457;0,0400;0,0763;0,3276;0,339
2,554762;0,0371;0,0677;0,2982;0,308
2,558786;0,0130;0,0542;0,2830;0,288
2,563768;-0,0006;0,0486;0,2820;0,286
2,575206;0,0023;0,0548;0,2807;0,286
2,576540;0,0103;0,0561;0,2811;0,287
2,576854;0,0209;0,0583;0,2863;0,293
2,578815;0,0279;0,0631;0,2832;0,291
2,589643;0,0341;0,0664;0,2718;0,282
2,591862;0,0366;0,0681;0,2403;0,252
2,592440;0,0345;0,0660;0,2002;0,214
2,595583;0,0323;0,0599;0,1780;0,191
2,601568;0,0340;0,0611;0,1684;0,182
2,603538;0,0394;0,0677;0,1714;0,188
2,609128;0,0427;0,0673;0,1839;0,200
2,610323;0,0453;0,0586;0,2012;0,214
2,615480;0,0446;0,0452;0,2086;0,218
2,621577;0,0363;0,0307;0,1991;0,205
2,624267;0,0231;0,0285;0,1764;0,180
2,626895;0,0156;0,0336;0,1574;0,162
2,631095;0,0115;0,0455;0,1450;0,152
2,636363;0,0105;0,0538;0,1346;0,145
2,638282;0,0034;0,0496;0,1353;0,144
2,642333;-0,0098;0,0344;0,1461;0,150
2,647244;-0,0097;0,0207;0,1536;0,155
2,651890;-0,0032;0,0047;0,1700;0,170
2,654905;-0,0176;-0,0472;0,2097;0,216
2,662852;-0,0051;-0,0635;0,2564;0,264
2,663339;0,0529;-0,0085;0,2274;0,234
2,668218;0,0827;0,0358;0,1618;0,185
2,670635;0,0652;0,0332;0,1099;0,132
2,674037;0,0504;0,0242;0,1174;0,130
2,681015;0,0406;0,0260;0,1560;0,163
2,681839;0,0058;0,0345;0,2091;0,212
2,687496;-0,0465;0,0396;0,2410;0,249
2,689631;-0,0952;0,0286;0,2649;0,283
2,693803;-0,1081;0,0140;0,2897;0,310
2,697661;-0,0959;0,0080;0,3224;0,336
2,701926;-0,0789;0,0114;0,3778;0,386
2,705534;-0,0704;0,0220;0,4323;0,439
2,709437;-0,0621;0,0297;0,4755;0,480
2,713529;-0,0423;0,0326;0,5265;0,529
2,725601;-0,0377;0,0285;0,5666;0,569
2,727094;-0,0296;0,0256;0,6030;0,604
2,728141;-0,0222;0,0255;0,6264;0,627
2,729734;-0,0116;0,0286;0,6380;0,639
2,743648;-0,0052;0,0300;0,6470;0,648
2,745194;-0,0081;0,0250;0,6495;0,650
2,745671;-0,0156;0,0145;0,6679;0,668
2,746670;-0,0249;0,0077;0,7132;0,714
2,754334;-0,0219;-0,0019;0,7629;0,763
2,755103;-0,0186;-0,0326;0,8211;0,822
2,759243;-0,0234;-0,0817;0,9365;0,940
2,761444;-0,0069;-0,1487;1,1524;1,162
2,765171;0,0903;-0,2822;1,0034;1,046
2,769461;0,1571;-0,1760;0,7431;0,780
2,773638;0,1406;-0,0345;0,7722;0,786
2,777401;0,0918;0,0037;0,9624;0,967
2,781847;0,0445;-0,0122;1,1188;1,120
2,786610;0,0075;-0,0308;1,1930;1,193
2,789016;0,0031;-0,0397;1,2055;1,206
2,794957;0,0196;-0,0469;1,2035;1,205
2,798517;0,0460;-0,0581;1,2126;1,215
2,802627;0,0443;-0,0693;1,2662;1,269
2,805156;0,0072;-0,0654;1,3969;1,398
2,809417;-0,0472;-0,0424;1,5517;1,553
2,813855;-0,0945;-0,0184;1,6576;1,660
2,818024;-0,1320;0,0067;1,7464;1,751
2,824570;-0,1381;0,0243;1,8020;1,807
2,826874;-0,1215;0,0393;1,8600;1,864
2,829009;-0,0910;0,0441;1,9058;1,909
2,836617;-0,0650;0,0374;1,9374;1,939
2,838874;-0,0365;0,0279;1,9714;1,972
2,840656;-0,0104;0,0297;2,0051;2,005
2,844870;0,0031;0,0381;2,0234;2,024
2,855206;0,0212;0,0438;2,0323;2,033
2,856315;0,0333;0,0452;2,0288;2,030
2,856718;0,0426;0,0426;2,0132;2,014
2,875869;0,0464;0,0390;1,9867;1,988
2,877836;0,0409;0,0303;1,9540;1,955
2,878977;0,0340;0,0112;1,8992;1,900
2,879766;0,0321;-0,0034;1,8556;1,856
2,880481;0,0296;-0,0118;1,8248;1,825
2,881205;0,0285;-0,0095;1,8113;1,812
2,887358;0,0288;-0,0093;1,7910;1,791
2,888858;0,0257;-0,0144;1,7578;1,758
2,892090;0,0222;-0,0237;1,7352;1,736
2,896292;0,0183;-0,0300;1,7413;1,742
2,901767;0,0199;-0,0358;1,7571;1,758
2,904398;0,0235;-0,0442;1,7718;1,772
2,909088;0,0245;-0,0544;1,7809;1,782
2,912048;0,0217;-0,0599;1,7954;1,797
2,918393;0,0207;-0,0591;1,8256;1,827
2,920853;0,0192;-0,0575;1,8735;1,875
2,925424;0,0187;-0,0617;1,9062;1,907
2,929230;0,0221;-0,0764;1,9224;1,924
2,931896;0,0276;-0,0821;1,9386;1,941
2,937224;0,0289;-0,0747;1,9641;1,966
2,939814;0,0462;-0,0539;1,9749;1,976
2,944156;0,0716;-0,0460;1,9429;1,945
2,949990;0,0788;-0,0398;1,8754;1,877
2,951656;0,0821;-0,0384;1,8063;1,809
2,955930;0,0900;-0,0425;1,7711;1,774
2,959579;0,0897;-0,0455;1,7330;1,736
2,968097;0,0804;-0,0380;1,6872;1,690
2,968651;0,0672;-0,0258;1,6458;1,647
2,971569;0,0550;-0,0143;1,6055;1,607
2,975518;0,0469;-0,0043;1,5813;1,582
2,979424;0,0435;0,0155;1,5774;1,578
2,984591;0,0280;0,0451;1,6099;1,611
2,987614;-0,0090;0,0688;1,6664;1,668
2,991428;-0,0625;0,0824;1,7354;1,738
2,997442;-0,0949;0,0857;1,7875;1,792
3,001397;-0,0988;0,0903;1,8244;1,829
3,003608;-0,0927;0,0964;1,8787;1,883
3,007778;-0,0821;0,0998;1,9400;1,944
3,011447;-0,0595;0,1057;1,9983;2,002
3,027973;-0,0351;0,1043;2,0593;2,062
3,029677;-0,0096;0,0960;2,0946;2,097
3,030647;0,0238;0,0833;2,1061;2,108
3,031911;0,0601;0,0722;2,1109;2,113
3,032773;0,0796;0,0611;2,1216;2,124
3,046759;0,0888;0,0399;2,1179;2,120
3,048460;0,0932;0,0195;2,0955;2,098
3,049215;0,0893;-0,0234;2,0491;2,051
3,049791;0,1209;0,0074;2,0776;2,081
3,057168;0,1549;0,0555;2,0534;2,060
3,059775;0,1556;0,0792;2,0178;2,025
3,061275;0,1439;0,0670;1,9593;1,966
3,064030;0,1422;0,0659;1,8995;1,906
3,071269;0,1520;0,1006;1,8400;1,849
3,073001;0,1421;0,1332;1,7994;1,810
3,078738;0,1448;0,1385;1,7602;1,772
3,080074;0,1290;0,1338;1,7481;1,758
3,084687;0,1049;0,1389;1,7712;1,780
3,086839;0,0780;0,1730;1,8250;1,835
3,090871;0,0531;0,2132;1,8934;1,906
3,094941;0,0335;0,2312;1,9645;1,978
3,100956;0,0156;0,2360;2,0548;2,068
3,103290;-0,0035;0,2311;2,1572;2,170
3,106721;-0,0141;0,2302;2,2439;2,256
3,110905;-0,0172;0,2449;2,3613;2,374
3,114817;-0,0073;0,2613;2,4739;2,488
3,119530;0,0283;0,2757;2,6201;2,635
3,122804;0,0731;0,2720;2,7561;2,770
3,126946;0,1302;0,2552;2,9051;2,919
3,130646;0,1723;0,2380;3,0243;3,038
3,145653;0,2256;0,1919;3,1305;3,144
3,147203;0,2190;0,1563;3,2397;3,251
3,148303;0,1899;0,1306;3,3429;3,351
3,149181;0,1654;0,1227;3,3978;3,404
3,163949;0,1398;0,1140;3,4535;3,458
3,167327;0,1011;0,0746;3,5187;3,521
3,168143;0,0302;-0,0268;3,6141;3,614
3,168759;0,0306;-0,0091;3,6918;3,692
3,170443;-0,0199;-0,0102;3,7375;3,738
3,171269;-0,1093;-0,1206;3,7190;3,723
3,180225;-0,1274;-0,1778;3,6585;3,665
3,183386;-0,1260;-0,1867;3,5565;3,564
3,184674;-0,1541;-0,2379;3,4104;3,422
3,191147;-0,1795;-0,3008;3,2552;3,274
3,193639;-0,2007;-0,3590;3,0749;3,102
3,195541;-0,2011;-0,3881;2,8948;2,928
3,199772;-0,2274;-0,3819;2,7384;2,774
3,205756;-0,2771;-0,3368;2,5560;2,593
3,207583;-0,3147;-0,2840;2,4056;2,443
3,210898;-0,3771;-0,2460;2,2423;2,287
3,214075;-0,4570;-0,2337;2,0989;2,161
3,217829;-0,5266;-0,2278;1,9824;2,064
3,221884;-0,5970;-0,2162;1,8689;1,974
3,227198;-0,6640;-0,2144;1,7691;1,902
3,229639;-0,7103;-0,2475;1,6896;1,850
3,235790;-0,7285;-0,3318;1,6084;1,797
3,237720;-0,6874;-0,4135;1,5572;1,752
3,241702;-0,5797;-0,5014;1,5120;1,695
3,246014;-0,4380;-0,6009;1,4705;1,648
3,251778;-0,3032;-0,6030;1,4442;1,594
3,253373;-0,0856;-0,5576;1,4731;1,577
3,260639;0,0789;-0,5502;1,5153;1,614
3,262879;0,1812;-0,5856;1,5299;1,648
3,266505;0,1820;-0,6161;1,4808;1,614
3,269588;0,1614;-0,6127;1,3287;1,472
3,273522;0,2131;-0,5509;1,1003;1,249
3,277617;0,3289;-0,4317;0,8707;1,026
3,289057;0,4527;-0,2923;0,6427;0,839
3,291172;0,5682;-0,1342;0,3810;0,697
3,291986;0,6144;-0,0425;0,1840;0,643
3,294971;0,5981;-0,0083;-0,0280;0,599
3,298885;0,5247;-0,0153;-0,2404;0,577
3,310561;0,4543;-0,0347;-0,4267;0,624
3,312457;0,4122;-0,0380;-0,6948;0,809
3,313304;0,4027;-0,0029;-0,9562;1,038
3,322669;0,3942;0,0402;-1,1951;1,259
3,323868;0,3358;0,0879;-1,4400;1,481
3,324521;0,2764;0,1293;-1,6234;1,652
3,325223;0,1615;0,1446;-1,7759;1,789
3,329024;-0,0089;0,1421;-1,7905;1,796
3,334816;-0,1834;0,1631;-1,7332;1,751
3,337155;-0,4251;0,2110;-1,6457;1,713
3,341059;-0,6795;0,2308;-1,5409;1,700
3,345427;-0,9693;0,1909;-1,3237;1,652
3,350905;-1,1496;0,0917;-0,9508;1,495
3,354168;-1,1848;-0,0441;-0,4312;1,262
3,357065;-1,1239;-0,2812;0,3772;1,218
3,361671;-1,0230;-0,5627;1,1918;1,668
3,371405;-0,8748;-0,7965;1,7456;2,109
3,372338;-0,5442;-0,9995;2,1202;2,406
3,372688;-0,2036;-1,0322;2,3081;2,537
3,376545;0,1534;-0,8992;2,3606;2,531
3,380551;0,4293;-0,7492;2,3012;2,458
3,385257;0,5756;-0,7079;2,3558;2,526
3,388505;0,6238;-0,7212;2,6288;2,796
3,395158;0,3743;-0,7315;2,8017;2,920
3,396210;0,1253;-0,5643;2,7581;2,818
3,400346;0,0328;-0,1503;2,5977;2,602
3,404819;0,0502;0,1342;2,4211;2,425
3,408267;0,1105;0,2742;2,2508;2,270
3,412623;0,2067;0,2710;2,1270;2,154
3,422034;0,3712;0,2309;1,7803;1,833
3,424511;0,4927;0,1940;1,1868;1,300
3,427813;0,4708;0,1746;0,7707;0,920
3,431539;0,3527;0,1443;0,3899;0,545
3,432346;0,2154;0,1074;0,0817;0,254
3,441658;0,1167;0,0745;-0,1268;0,188
3,442998;0,1233;0,0691;-0,3321;0,361
3,444144;0,2238;0,0914;-0,5132;0,567
3,451886;0,3265;0,1059;-0,6441;0,730
3,453408;0,4354;0,0994;-0,7388;0,863
3,456145;0,5109;0,0570;-0,7722;0,928
3,460164;0,5780;-0,0011;-0,7691;0,962
3,464164;0,5837;-0,0804;-0,7674;0,968
3,468595;0,5286;-0,1673;-0,7980;0,972
3,474315;0,4006;-0,2609;-0,8691;0,992
3,478414;0,2365;-0,3328;-0,9302;1,016
3,479750;0,1034;-0,3576;-0,9691;1,038
3,483786;-0,0242;-0,3541;-1,0075;1,068
3,489450;-0,1136;-0,3510;-1,0289;1,093
3,491870;-0,1970;-0,3536;-1,0443;1,120
3,495848;-0,2485;-0,3441;-1,0490;1,132
3,500040;-0,2656;-0,3265;-1,0479;1,129
3,503759;-0,2583;-0,3024;-1,0567;1,129
3,507714;-0,2297;-0,2676;-1,0668;1,124
3,512139;-0,1818;-0,2265;-1,0553;1,094
3,517169;-0,1253;-0,1925;-1,0241;1,050
3,519784;-0,0765;-0,1690;-0,9844;1,002
3,523520;-0,0351;-0,1489;-0,9383;0,951
3,528635;-0,0088;-0,1243;-0,8956;0,904
3,532868;0,0129;-0,0895;-0,8431;0,848
3,535610;0,0372;-0,0399;-0,7699;0,772
3,539539;0,0454;-0,0096;-0,7000;0,701
3,545055;0,0359;0,0039;-0,6144;0,615
3,547432;0,0130;0,0013;-0,5438;0,544
3,554907;-0,0100;-0,0117;-0,4932;0,493
3,556075;-0,0466;-0,0286;-0,4240;0,428
3,559435;-0,0808;-0,0386;-0,3559;0,367
3,563253;-0,1199;-0,0594;-0,2853;0,315
3,576101;-0,1585;-0,0972;-0,2212;0,289
3,577185;-0,1949;-0,1324;-0,1795;0,296
3,577815;-0,2501;-0,1709;-0,1390;0,333
3,579660;-0,2769;-0,1848;-0,1097;0,351
3,596157;-0,2936;-0,1848;-0,0760;0,355
3,597295;-0,3077;-0,1826;-0,0158;0,358
3,598572;-0,3196;-0,1835;0,0542;0,373
3,599277;-0,3290;-0,1863;0,1407;0,403
3,608486;-0,3259;-0,1853;0,2187;0,434
3,611121;-0,3054;-0,1619;0,2608;0,433
3,612620;-0,2648;-0,1291;0,2934;0,416
3,613368;-0,2121;-0,0931;0,3196;0,395
3,616294;-0,1787;-0,0642;0,3449;0,394
3,624399;-0,1533;-0,0379;0,3576;0,391
3,626598;-0,1361;-0,0212;0,3524;0,378
3,627253;-0,1097;-0,0074;0,3238;0,342
3,636238;-0,0831;0,0082;0,2789;0,291
3,637129;-0,0642;0,0264;0,2387;0,249
3,639050;-0,0407;0,0497;0,1978;0,208
3,643264;-0,0215;0,0604;0,1674;0,179
3,646985;0,0005;0,0760;0,1555;0,173
3,651405;0,0184;0,0910;0,1458;0,173
3,654857;0,0292;0,1005;0,1373;0,173
3,659570;0,0392;0,1046;0,1390;0,178
3,662815;0,0472;0,1026;0,1498;0,188
3,668053;0,0577;0,1061;0,1538;0,196
3,670705;0,0716;0,1094;0,1510;0,200
3,674955;0,0832;0,1086;0,1460;0,200
3,678740;0,0856;0,1041;0,1362;0,192
3,685305;0,0838;0,0971;0,1327;0,185
3,688398;0,0797;0,0892;0,1340;0,180
3,691472;0,0699;0,0795;0,1454;0,180
3,694677;0,0676;0,0701;0,1621;0,189
3,700602;0,0696;0,0601;0,1775;0,200
3,703017;0,0757;0,0473;0,1996;0,219
3,706440;0,0841;0,0344;0,2293;0,247
3,712464;0,0905;0,0254;0,2586;0,275
3,726555;0,0953;0,0186;0,2884;0,304
3,728454;0,0942;0,0125;0,3053;0,320
3,728964;0,0907;0,0087;0,3255;0,338
3,729226;0,0906;0,0067;0,3471;0,359
3,731220;0,0945;0,0084;0,3695;0,382
3,745839;0,1036;0,0105;0,3812;0,395
3,748695;0,1077;0,0109;0,3870;0,402
3,750414;0,1061;0,0116;0,3869;0,401
3,752486;0,1018;0,0158;0,3824;0,396
3,753188;0,0944;0,0191;0,3786;0,391
3,754873;0,0835;0,0176;0,3778;0,387
3,758914;0,0788;0,0138;0,3822;0,391
3,761921;0,0747;0,0094;0,3974;0,404
3,767850;0,0666;0,0020;0,4121;0,417
3,769803;0,0572;-0,0033;0,4191;0,423
3,773608;0,0466;-0,0064;0,4226;0,425
3,778961;0,0361;-0,0077;0,4251;0,427
3,782103;0,0243;-0,0083;0,4266;0,427
3,786627;0,0192;-0,0078;0,4256;0,426
3,791693;0,0205;0,0003;0,4211;0,422
3,793628;0,0287;0,0070;0,4119;0,413
3,802839;0,0340;0,0153;0,3953;0,397
3,803862;0,0363;0,0193;0,3738;0,376
3,806431;0,0361;0,0256;0,3486;0,351
3,809560;0,0375;0,0314;0,3325;0,336
3,815409;0,0424;0,0424;0,3176;0,323
3,817330;0,0458;0,0581;0,2994;0,308
3,821453;0,0492;0,0697;0,2735;0,287
3,825226;0,0506;0,0815;0,2321;0,251
3,830003;0,0549;0,0916;0,1891;0,217
3,833470;0,0567;0,0956;0,1546;0,190
3,838577;0,0543;0,0944;0,1180;0,161
3,841145;0,0508;0,0927;0,0937;0,141
3,845720;0,0489;0,0900;0,0714;0,125
3,855449;0,0530;0,0891;0,0508;0,116
3,857198;0,0613;0,0917;0,0339;0,115
3,857907;0,0677;0,0975;0,0279;0,122
3,861083;0,0749;0,1071;0,0253;0,133
3,883649;0,0809;0,1215;0,0262;0,148
3,884323;0,0812;0,1360;0,0188;0,159
3,884501;0,0812;0,1425;0,0019;0,164
3,884655;0,0851;0,1442;-0,0290;0,170
3,884793;0,0951;0,1506;-0,0572;0,187
3,884929;0,1002;0,1593;-0,0707;0,201
3,889048;0,0918;0,1700;-0,0909;0,214
3,893560;0,0741;0,1701;-0,1066;0,214
3,899090;0,0514;0,1639;-0,1244;0,212
3,900733;0,0371;0,1570;-0,1250;0,204
3,904671;0,0362;0,1859;-0,1443;0,238
3,908589;0,0539;0,2486;-0,2288;0,342
3,912534;0,0962;0,3227;-0,3535;0,488
3,917088;0,1163;0,3687;-0,4630;0,603
3,923162;0,0973;0,3681;-0,5772;0,691
3,924552;0,0602;0,3436;-0,6517;0,739
3,928469;0,0231;0,3148;-0,7177;0,784
3,932704;0,0105;0,3020;-0,8164;0,870
3,936509;0,0160;0,2890;-0,9372;0,981
3,940262;0,0404;0,2527;-1,0674;1,098
3,944426;0,0617;0,2038;-1,1219;1,142
3,951832;0,0811;0,1896;-1,0859;1,105
3,955508;0,1133;0,2139;-0,9867;1,016
3,956445;0,0811;0,2014;-0,8679;0,895
3,960254;-0,0281;0,0790;-0,5820;0,588
3,974022;-0,1477;-0,0979;-0,1239;0,216
3,975265;-0,1744;-0,1859;0,3417;0,426
3,975633;-0,1344;-0,2082;0,8133;0,850
3,977323;-0,0241;-0,1686;1,0884;1,102
3,994771;0,1558;-0,0854;1,3469;1,359
3,997410;0,2796;0,0035;1,6795;1,703
3,998932;0,2974;0,0467;2,0650;2,087
4,001542;0,2399;0,0098;2,5527;2,564
4,002392;0,1517;-0,0941;2,9455;2,951
4,003046;0,1228;-0,1707;3,2371;3,244
4,004368;0,1568;-0,2250;3,5931;3,604
4,009011;0,1694;-0,2620;3,9530;3,965
4,011888;0,0998;-0,3238;4,3998;4,413
4,024739;-0,0307;-0,4329;4,8207;4,840
4,025865;-0,1165;-0,5574;5,1703;5,202
4,026318;-0,1246;-0,6998;5,5479;5,593
4,030669;0,0239;-0,7813;5,8207;5,873
4,031533;0,3334;-0,8121;6,0447;6,108
4,036052;0,6670;-0,8028;6,1237;6,212
4,039905;0,8787;-0,7871;6,1095;6,222
4,043744;0,9981;-0,7554;6,0320;6,160
4,051067;0,9997;-0,6834;5,8542;5,978
4,054008;0,9364;-0,6009;5,5974;5,707
4,055653;0,8441;-0,4952;5,2151;5,306
4,059858;0,7716;-0,4089;4,8633;4,941
4,066540;0,7025;-0,3183;4,4436;4,510
4,069455;0,6465;-0,2465;4,0189;4,078
4,075074;0,6118;-0,1756;3,6708;3,726
4,077681;0,5566;-0,1220;3,3063;3,355
4,080629;0,4956;-0,0969;2,9819;3,024
4,083894;0,4530;-0,0862;2,7430;2,782
4,087573;0,4141;-0,0817;2,5197;2,555
4,091517;0,3926;-0,0790;2,3709;2,404
4,095396;0,3753;-0,0726;2,2341;2,267
4,100798;0,3511;-0,0566;2,1291;2,159
4,103438;0,3191;-0,0357;2,0711;2,096
4,110664;0,2724;-0,0164;2,0124;2,031
4,112256;0,2389;0,0056;1,9851;1,999
4,117033;0,1995;0,0285;1,9630;1,973
4,119323;0,1576;0,0398;1,9456;1,952
4,123261;0,1390;0,0438;1,9344;1,940
4,127316;0,1433;0,0399;1,9218;1,928
4,131891;0,1395;0,0259;1,9263;1,932
4,139428;0,1141;0,0176;1,9512;1,955
4,141504;0,0797;0,0129;1,9868;1,988
4,145245;0,0572;0,0081;2,0195;2,020
4,147583;0,0406;0,0017;2,0495;2,050
4,161542;0,0363;0,0018;2,0636;2,064
4,163678;0,0296;0,0064;2,0639;2,064
4,164293;0,0192;0,0114;2,0670;2,067
4,173355;0,0097;0,0080;2,0778;2,078
4,175295;0,0099;0,0034;2,0892;2,089
4,176056;0,0321;-0,0011;2,0738;2,074
4,177023;0,0583;-0,0022;2,0366;2,037
4,179386;0,0882;0,0004;1,9811;1,983
4,188176;0,1116;0,0023;1,9320;1,935
4,190069;0,1270;-0,0027;1,8899;1,894
4,191375;0,1412;-0,0103;1,8341;1,840
4,194773;0,1533;-0,0129;1,7788;1,785
4,199658;0,1636;-0,0114;1,7052;1,713
4,202817;0,1650;-0,0118;1,6278;1,636
4,208184;0,1559;-0,0086;1,5647;1,572
4,211821;0,1470;-0,0015;1,4903;1,498
4,216332;0,1392;0,0060;1,4211;1,428
4,218609;0,1286;0,0080;1,3619;1,368
4,223605;0,1170;-0,0010;1,2980;1,303
4,227070;0,1067;-0,0081;1,2443;1,249
4,232280;0,1009;-0,0141;1,1786;1,183
4,234795;0,1020;-0,0234;1,1181;1,123
4,238382;0,1087;-0,0331;1,0726;1,079
4,242514;0,1151;-0,0353;1,0155;1,023
4,248804;0,1289;-0,0268;0,9551;0,964
4,251322;0,1531;-0,0151;0,9140;0,927
4,254223;0,1889;-0,0111;0,8979;0,918
4,258312;0,2092;-0,0250;0,9123;0,936
4,261935;0,2082;-0,0466;0,9414;0,965
4,272935;0,1820;-0,0647;0,9498;0,969
4,275028;0,1403;-0,0668;0,9274;0,940
4,275367;0,1024;-0,0559;0,8868;0,894
4,289972;0,0720;-0,0347;0,8212;0,825
4,291982;0,0532;-0,0144;0,7623;0,764
4,292837;0,0368;0,0038;0,7073;0,708
4,293852;0,0296;0,0140;0,6679;0,669
4,294399;0,0255;0,0246;0,6240;0,625
4,304065;0,0280;0,0317;0,5827;0,584
4,305162;0,0365;0,0423;0,5506;0,553
4,307162;0,0430;0,0522;0,5163;0,521
4,310503;0,0415;0,0613;0,4843;0,490
4,317380;0,0406;0,0667;0,4606;0,467
4,318912;0,0347;0,0710;0,4338;0,441
4,321869;0,0301;0,0689;0,4177;0,424
4,326365;0,0213;0,0691;0,3971;0,404
4,331890;0,0124;0,0680;0,3769;0,383
4,336148;0,0039;0,0658;0,3507;0,357
4,337764;-0,0060;0,0616;0,3125;0,319
4,341661;-0,0136;0,0584;0,2716;0,278
4,348055;-0,0106;0,0582;0,2373;0,245
4,349959;-0,0015;0,0600;0,2125;0,221
4,353353;0,0064;0,0583;0,2100;0,218
4,358740;0,0179;0,0570;0,2135;0,222
4,361800;0,0281;0,0595;0,2152;0,225
4,365457;0,0392;0,0666;0,2163;0,230
4,369378;0,0520;0,0738;0,2102;0,229
4,373216;0,0560;0,0761;0,2033;0,224
4,377462;0,0472;0,0757;0,1952;0,215
4,381259;0,0305;0,0783;0,1889;0,207
4,385281;0,0186;0,0833;0,1899;0,208
4,389293;0,0036;0,0832;0,2006;0,217
4,393443;-0,0124;0,0839;0,2089;0,225
4,398932;-0,0207;0,0864;0,2166;0,234
4,400933;-0,0198;0,0879;0,2292;0,246
4,404981;-0,0262;0,0838;0,2541;0,269
4,408816;-0,0371;0,0705;0,2858;0,297
4,422193;-0,0497;0,0562;0,3025;0,312
4,423083;-0,0564;0,0458;0,3121;0,320
4,423395;-0,0567;0,0392;0,3172;0,325
4,427164;-0,0550;0,0357;0,3212;0,328
4,429032;-0,0521;0,0345;0,3285;0,334
4,437568;-0,0471;0,0372;0,3380;0,343
4,438895;-0,0371;0,0415;0,3492;0,354
4,441340;-0,0188;0,0473;0,3590;0,363
4,444847;0,0003;0,0527;0,3729;0,377
4,452564;0,0159;0,0546;0,3970;0,401
4,454335;0,0207;0,0567;0,4247;0,429
4,457287;0,0235;0,0549;0,4525;0,456
4,460656;0,0330;0,0551;0,4803;0,485
4,465980;0,0345;0,0541;0,5011;0,505
4,468459;0,0336;0,0580;0,5209;0,525
4,474203;0,0316;0,0676;0,5388;0,544
4,476630;0,0308;0,0705;0,5507;0,556
4,480827;0,0231;0,0619;0,5629;0,567
4,484378;0,0083;0,0440;0,5729;0,575
4,488386;-0,0062;0,0258;0,5826;0,583
4,493521;-0,0266;0,0035;0,5995;0,600
4,497688;-0,0374;-0,0108;0,6208;0,622
4,500309;-0,0431;-0,0204;0,6532;0,655
4,506624;-0,0498;-0,0223;0,6915;0,694
4,508402;-0,0612;-0,0226;0,7330;0,736
4,512295;-0,0776;-0,0233;0,7887;0,793
4,516643;-0,0887;-0,0274;0,8422;0,847
4,520095;-0,0917;-0,0362;0,8819;0,887
4,524121;-0,0867;-0,0478;0,9182;0,923
4,539634;-0,0745;-0,0525;0,9464;0,951
4,540686;-0,0569;-0,0545;0,9794;0,983
4,541072;-0,0328;-0,0582;1,0083;1,010
4,541349;-0,0093;-0,0591;1,0330;1,035
4,560738;0,0239;-0,0575;1,0624;1,064
4,567466;0,0558;-0,0532;1,0879;1,091
4,568582;0,0889;-0,0506;1,1093;1,114
4,569371;0,1179;-0,0462;1,1191;1,126
4,569818;0,1373;-0,0398;1,1231;1,132
4,570458;0,1474;-0,0356;1,1245;1,135
4,571607;0,1454;-0,0325;1,1246;1,134
4,572812;0,1392;-0,0293;1,1239;1,133
4,577370;0,1341;-0,0277;1,1259;1,134
4,580442;0,1320;-0,0252;1,1294;1,137
4,586014;0,1330;-0,0229;1,1257;1,134
4,587736;0,1404;-0,0235;1,1249;1,134
4,592007;0,1482;-0,0250;1,1271;1,137
4,596351;0,1575;-0,0235;1,1400;1,151
4,599951;0,1665;-0,0180;1,1510;1,163
4,603626;0,1770;-0,0095;1,1536;1,167
4,607578;0,1903;0,0030;1,1539;1,170
4,611888;0,1957;0,0107;1,1530;1,170
4,619416;0,2011;0,0184;1,1520;1,170
4,621139;0,1966;0,0278;1,1525;1,169
4,623908;0,1787;0,0185;1,1618;1,176
4,627334;0,1581;0,0220;1,1755;1,186
4,633750;0,1323;0,0266;1,1935;1,201
4,635478;0,1084;0,0324;1,2134;1,219
4,639341;0,1035;0,0407;1,2051;1,210
4,645133;0,1075;0,0467;1,1780;1,184
4,651873;0,1070;0,0502;1,1529;1,159
4,652742;0,1016;0,0562;1,1545;1,160
4,655142;0,1001;0,0652;1,1636;1,170
4,659031;0,1086;0,0781;1,1688;1,176
4,665385;0,1222;0,0952;1,1698;1,180
4,667119;0,1414;0,1218;1,1574;1,172
4,671094;0,1551;0,1338;1,1347;1,153
4,675145;0,1571;0,1399;1,1178;1,137
4,689765;0,1590;0,1523;1,1022;1,124
4,691487;0,1397;0,1394;1,0794;1,097
4,691901;0,1249;0,1298;1,0720;1,087
4,692245;0,1126;0,1296;1,0666;1,080
4,695316;0,1013;0,1409;1,0637;1,078
4,706831;0,0781;0,1786;1,0537;1,072
4,708145;0,0574;0,1396;1,0336;1,045
4,708563;0,0392;0,0824;0,9985;1,003
4,710883;0,0260;0,0400;0,9785;0,980
4,721431;0,0267;0,0499;0,9665;0,968
4,722844;0,0358;0,0777;0,9672;0,971
4,723358;0,0510;0,1029;0,9728;0,980
4,726845;0,0615;0,1124;0,9603;0,969
4,733997;0,0658;0,1187;0,9356;0,945
4,735228;0,0639;0,1197;0,9016;0,912
4,738628;0,0618;0,1146;0,8740;0,884
4,744480;0,0662;0,1138;0,8558;0,866
4,747384;0,0708;0,1191;0,8498;0,861
4,750614;0,0781;0,1252;0,8501;0,863
4,754827;0,0812;0,1369;0,8567;0,871
4,758748;0,0748;0,1518;0,8649;0,881
4,765562;0,0665;0,1712;0,8746;0,894
4,767621;0,0578;0,1904;0,8887;0,911
4,770540;0,0216;0,2222;0,9126;0,939
4,774760;0,0365;0,2603;0,9336;0,970
4,781246;0,0818;0,2527;0,9093;0,947
4,783220;0,1019;0,2218;0,8757;0,909
4,786285;0,1024;0,2030;0,8607;0,890
4,790365;0,1103;0,2042;0,8696;0,900
4,794102;0,1244;0,2166;0,8885;0,923
4,799406;0,1345;0,2270;0,9015;0,939
4,802067;0,1394;0,2254;0,9064;0,944
4,805893;0,1424;0,2111;0,9019;0,937
4,810327;0,1474;0,1981;0,9194;0,952
4,825036;0,1534;0,1820;0,9274;0,957
4,826084;0,1585;0,1592;0,9429;0,969
4,826626;0,1663;0,1407;0,9685;0,993
4,827018;0,1701;0,1232;1,0105;1,032
4,844928;0,1708;0,1118;1,0334;1,053
4,847484;0,1646;0,1016;1,0513;1,069
4,847925;0,1523;0,0948;1,0598;1,075
4,848293;0,1321;0,0913;1,0625;1,075
4,848628;0,1096;0,0943;1,0678;1,078
4,849774;0,0353;0,1728;1,2601;1,272
4,853681;0,0852;0,1517;1,1159;1,129
4,858027;0,0608;0,0746;0,9797;0,984
4,864181;0,0258;0,0289;0,9462;0,947
4,867221;0,0190;0,0272;0,9476;0,948
4,869753;0,0379;0,0713;0,9691;0,972
4,875412;0,0605;0,1238;0,9510;0,961
4,883015;0,0731;0,1666;0,9060;0,924
4,885187;0,0736;0,1706;0,8540;0,874
4,887567;0,0732;0,1525;0,8148;0,832
4,889750;0,0687;0,1223;0,7894;0,802
4,893567;0,0670;0,1080;0,7857;0,796
4,898018;0,0663;0,1088;0,7844;0,795
4,903571;0,0657;0,1237;0,7937;0,806
4,905153;0,0633;0,1362;0,8079;0,822
4,909101;0,0578;0,1516;0,8278;0,844
4,913695;0,0508;0,1551;0,8516;0,867
4,917255;0,0539;0,1267;0,8754;0,886
4,921097;0,0644;0,1012;0,8950;0,903
4,925224;0,0705;0,0883;0,9047;0,912
4,930880;0,0792;0,0810;0,9183;0,925
4,933733;0,0885;0,0795;0,9290;0,937
4,937243;0,0987;0,0796;0,9422;0,951
4,941050;0,1018;0,0759;0,9676;0,976
4,947347;0,1082;0,0666;0,9951;1,003
4,949115;0,1071;0,0581;1,0141;1,021
4,953465;0,0973;0,0550;1,0364;1,042
4,956924;0,0823;0,0551;1,0565;1,061
4,974919;0,0642;0,0586;1,0828;1,086
4,976199;0,0454;0,0618;1,1004;1,103
4,976534;0,0394;0,0634;1,0965;1,099
4,976765;0,0373;0,0604;1,0816;1,084
4,978402;0,0300;0,0585;1,0834;1,085
4,997083;0,0217;0,0626;1,0955;1,097
4,998255;0,0195;0,0690;1,0933;1,096
4,998504;0,0258;0,0821;1,0748;1,078
4,998664;0,0419;0,1073;1,0550;1,061
4,998817;0,0543;0,1166;1,0448;1,053
5,000647;0,0668;0,1144;1,0315;1,040
5,004685;0,0713;0,1051;1,0276;1,035
5,008632;0,0734;0,1081;1,0317;1,040
5,014514;0,0765;0,1339;1,0336;1,045
5,016410;0,0772;0,1564;1,0218;1,037
5,021931;0,0799;0,1792;1,0027;1,022
5,025738;0,0790;0,2088;0,9944;1,019
5,029720;0,0741;0,3218;1,0223;1,074
5,033001;0,0246;0,2891;1,0209;1,061
5,036410;0,0006;0,2082;1,0048;1,026
5,040214;0,0161;0,1572;0,9809;0,994
5,046795;0,0347;0,1372;0,9519;0,962
5,049144;0,0484;0,1481;0,9423;0,955
5,052781;0,0606;0,1754;0,9496;0,968
5,056191;0,0597;0,2048;0,9726;0,996
5,063936;0,0469;0,2230;0,9978;1,024
5,065331;0,0302;0,2301;1,0173;1,043
5,068021;0,0154;0,2235;1,0202;1,045
5,072096;0,0132;0,2151;1,0244;1,047
5,076115;0,0222;0,2113;1,0351;1,057
5,080687;0,0321;0,2109;1,0427;1,064
5,083837;0,0439;0,2171;1,0451;1,068
5,087885;0,0511;0,2203;1,0472;1,071
5,092176;0,0547;0,2209;1,0416;1,066
5,096743;0,0575;0,2155;1,0253;1,049
5,100126;0,0637;0,2122;1,0068;1,031
5,104816;0,0727;0,2093;0,9917;1,016
5,108108;0,0764;0,2097;0,9826;1,008
5,116382;0,0793;0,2085;0,9806;1,006
5,117278;0,0873;0,2046;0,9782;1,003
5,121005;0,0954;0,1971;0,9721;0,996
5,125380;0,1049;0,1893;0,9683;0,992
5,127635;0,1119;0,1771;0,9643;0,987
5,132973;0,1212;0,1665;0,9638;0,986
5,135812;0,1301;0,1556;0,9725;0,993
5,141512;0,1349;0,1417;0,9890;1,008
5,143705;0,1403;0,1294;1,0047;1,023
5,147314;0,1508;0,1159;1,0158;1,033
5,154991;0,1594;0,1015;1,0220;1,039
5,155992;0,1624;0,0880;1,0293;1,046
5,159412;0,1593;0,0763;1,0314;1,046
5,164430;0,1558;0,0674;1,0333;1,047
5,167426;0,1539;0,0607;1,0316;1,045
5,171537;0,1476;0,0532;1,0251;1,037
5,175830;0,1422;0,0493;1,0161;1,027
5,179807;0,1369;0,0459;1,0067;1,017
5,183265;0,1324;0,0440;1,0006;1,010
5,187080;0,1311;0,0474;0,9904;1,000
5,190951;0,1339;0,0526;0,9796;0,990
5,195774;0,1304;0,0581;0,9695;0,980
5,198954;0,1246;0,0619;0,9598;0,970
5,203139;0,1238;0,0724;0,9582;0,969
5,207225;0,1246;0,0842;0,9636;0,975
5,214052;0,1248;0,0995;0,9692;0,982
5,215369;0,1247;0,1137;0,9668;0,981
5,220915;0,1182;0,1309;0,9661;0,982
5,222795;0,1039;0,1450;0,9747;0,991
5,226997;0,0876;0,1548;0,9881;1,004
5,231021;0,0743;0,1665;1,0014;1,018
5,235019;0,0718;0,1778;1,0133;1,031
5,238973;0,0721;0,1913;1,0254;1,046
5,243010;0,0738;0,2052;1,0337;1,056
5,254370;0,0798;0,2205;1,0329;1,059
5,255766;0,0904;0,2344;1,0206;1,051
5,256001;0,0990;0,2428;1,0022;1,036
5,260368;0,0998;0,2515;0,9852;1,022
5,265797;0,1088;0,2660;0,9615;1,004
5,266641;0,1154;0,2733;0,9463;0,992
5,270662;0,1095;0,2751;0,9347;0,981
5,275927;0,0965;0,2767;0,9336;0,979
5,279367;0,0854;0,2799;0,9425;0,987
5,282595;0,0694;0,2837;0,9627;1,006
5,286663;0,0501;0,2820;0,9923;1,033
5,291051;0,0280;0,2732;1,0160;1,052
5,296015;0,0035;0,2684;1,0394;1,073
5,300576;-0,0090;0,2647;1,0543;1,087
5,302456;-0,0203;0,2551;1,0804;1,110
5,306275;-0,0297;0,2385;1,1134;1,139
5,312742;-0,0377;0,2208;1,1297;1,152
5,314526;-0,0458;0,2036;1,1372;1,156
5,318941;-0,0521;0,1898;1,1327;1,150
5,322187;-0,0566;0,1784;1,1267;1,142
5,326636;-0,0557;0,1735;1,1155;1,130
5,331323;-0,0518;0,1709;1,1044;1,119
5,334085;-0,0479;0,1652;1,0893;1,103
5,339012;-0,0414;0,1638;1,0718;1,085
5,342171;-0,0333;0,1594;1,0548;1,067
5,346977;-0,1148;0,1435;1,0189;1,035
5,350061;-0,3122;0,1429;0,9525;1,012
5,353883;-0,2904;0,2753;0,8389;0,929
5,358057;0,0148;0,3748;0,9843;1,053
5,362716;0,1213;0,3298;1,0745;1,131
5,365843;-0,1458;0,2073;0,9578;0,991
5,369819;-0,4478;0,2062;0,8504;0,983
5,374816;-0,4056;0,3638;0,8261;0,990
5,389360;-0,1453;0,5115;0,9250;1,067
5,391404;0,0230;0,4835;1,0052;1,116
5,391734;0,0423;0,3301;0,9781;1,033
5,391948;-0,0992;0,2055;0,8995;0,928
5,401010;-0,2086;0,2067;0,8580;0,907
5,402530;-0,2304;0,3011;0,8395;0,921
5,403326;-0,1918;0,3837;0,8374;0,941
5,405765;-0,1489;0,4221;0,8403;0,952
5,409578;-0,1381;0,3987;0,8376;0,938
5,414371;-0,1354;0,3611;0,8187;0,905
5,417714;-0,1197;0,3270;0,7935;0,867
5,422226;-0,0800;0,3110;0,7858;0,849
5,425399;-0,0407;0,3035;0,7939;0,851
5,429666;-0,0046;0,2887;0,8162;0,866
5,433701;0,0149;0,2705;0,8394;0,882
5,437254;0,0316;0,2445;0,8534;0,888
5,442101;0,0390;0,2227;0,8465;0,876
5,445933;0,0371;0,2064;0,8332;0,859
5,449074;0,0442;0,1953;0,8326;0,856
5,453108;0,0530;0,1900;0,8441;0,867
5,459146;0,0599;0,1890;0,8588;0,881
5,462470;0,0652;0,1903;0,8699;0,893
5,465087;0,0673;0,1914;0,8820;0,905
5,469097;0,0676;0,1931;0,8971;0,920
5,473853;0,0646;0,1874;0,9209;0,942
5,478526;0,0616;0,1835;0,9402;0,960
5,480970;0,0563;0,1833;0,9596;0,979
5,485251;0,0483;0,1882;0,9775;0,997
5,489277;0,0419;0,1970;0,9908;1,011
5,492855;0,0395;0,2098;0,9934;1,016
5,498074;0,0352;0,2184;0,9816;1,006
5,501588;0,0286;0,2220;0,9571;0,983
5,505543;0,0248;0,2228;0,9327;0,959
5,509082;0,0260;0,2263;0,9193;0,947
5,517535;0,0316;0,2306;0,9040;0,933
5,518515;0,0410;0,2392;0,8881;0,921
5,537229;0,0505;0,2470;0,8787;0,914
5,537901;0,0553;0,2512;0,8709;0,908
5,538086;0,0525;0,2520;0,8738;0,911
5,538317;0,0503;0,2555;0,8875;0,925
5,539202;0,0540;0,2579;0,9016;0,939
5,540772;0,0574;0,2623;0,9193;0,958
5,544879;0,0541;0,2654;0,9415;0,980
5,549851;0,0464;0,2707;0,9653;1,004
5,552354;0,0375;0,2811;0,9785;1,019
5,556965;0,0242;0,2919;0,9860;1,029
5,561428;0,0111;0,3004;0,9878;1,033
5,564330;-0,0004;0,3074;0,9890;1,036
5,568330;-0,0068;0,3115;0,9897;1,038
5,572301;-0,0121;0,3155;0,9898;1,039
5,576868;-0,0146;0,3160;0,9885;1,038
5,580290;-0,0172;0,3126;0,9923;1,040
5,584295;-0,0207;0,3061;0,9983;1,044
5,588301;-0,0183;0,2975;1,0109;1,054
5,591940;-0,0136;0,2895;1,0178;1,058
5,596632;-0,0077;0,2802;1,0236;1,061
5,600745;-0,0075;0,2741;1,0261;1,062
5,604342;-0,0103;0,2686;1,0290;1,064
5,608059;-0,0174;0,2655;1,0312;1,065
5,612178;-0,0256;0,2650;1,0313;1,065
5,618457;-0,0359;0,2663;1,0278;1,062
5,619849;-0,0448;0,2729;1,0221;1,059
5,623756;-0,0516;0,2796;1,0090;1,048
5,628764;-0,0564;0,2843;0,9905;1,032
5,632208;-0,0562;0,2830;0,9813;1,023
5,636091;-0,0571;0,2836;0,9775;1,019
5,640034;-0,0561;0,2848;0,9749;1,017
5,645572;-0,0564;0,2901;0,9712;1,015
5,648144;-0,0577;0,3018;0,9592;1,007
5,651824;-0,0552;0,3122;0,9423;0,994
5,659276;-0,0423;0,3288;0,9159;0,974
5,660945;-0,0336;0,3362;0,8897;0,952
5,663967;-0,0305;0,3316;0,8741;0,935
5,668470;-0,0251;0,3257;0,8669;0,926
5,671737;-0,0225;0,3245;0,8701;0,929
5,676181;-0,0234;0,3257;0,8808;0,939
5,681582;-0,0192;0,3304;0,8918;0,951
5,683566;-0,0140;0,3372;0,8991;0,960
5,687643;-0,0088;0,3416;0,9153;0,977
5,691478;-0,0114;0,3407;0,9348;0,995
5,697586;-0,0157;0,3422;0,9438;1,004
5,699333;-0,0105;0,3458;0,9431;1,005
5,703455;-0,0081;0,3506;0,9338;0,997
5,707459;-0,0011;0,3494;0,9203;0,984
5,712181;-0,0009;0,3433;0,9030;0,966
5,716124;-0,0021;0,3355;0,8880;0,949
5,719195;-0,0049;0,3282;0,8732;0,933
5,723280;-0,0098;0,3286;0,8697;0,930
5,728753;-0,0125;0,3354;0,8702;0,933
5,731844;-0,0136;0,3438;0,8747;0,940
5,735178;-0,0162;0,3484;0,8775;0,944
5,738969;-0,0129;0,3507;0,8850;0,952
5,743180;-0,0004;0,3511;0,8917;0,958
5,748506;0,0143;0,3482;0,8940;0,960
5,751095;0,0351;0,3413;0,9006;0,964
5,756288;0,0549;0,3349;0,9064;0,968
5,759000;0,0796;0,3208;0,9084;0,967
5,763289;0,0990;0,3069;0,9000;0,956
5,767142;0,1070;0,2961;0,8941;0,948
5,770987;0,1070;0,2840;0,8901;0,940
5,779313;0,0995;0,2768;0,8950;0,942
5,781221;0,0848;0,2725;0,9064;0,950
5,783051;0,0605;0,2718;0,9189;0,960
5,787200;0,0417;0,2742;0,9267;0,967
5,790891;0,0252;0,2781;0,9312;0,972
5,795791;0,0141;0,2803;0,9347;0,976
5,798847;0,0099;0,2804;0,9390;0,980
5,802781;0,0133;0,2763;0,9365;0,977
5,807649;0,0206;0,2564;0,9084;0,944
5,814887;0,0350;0,2576;0,9006;0,937
5,815466;0,0537;0,2656;0,9158;0,955
5,818814;0,0525;0,2669;0,9297;0,969
5,823081;0,0421;0,2612;0,9444;0,981
5,827516;0,0423;0,2609;0,9620;0,998
5,830860;0,0466;0,2659;0,9768;1,013
5,834943;0,0449;0,2702;0,9883;1,026
5,840081;0,0370;0,2719;0,9902;1,028
5,842406;0,0230;0,2700;0,9916;1,028
5,847063;0,0136;0,2733;0,9927;1,030
5,851358;0,0028;0,2924;0,9977;1,040
5,856347;-0,0069;0,3171;0,9964;1,046
5,858041;-0,0103;0,3243;0,9920;1,044
5,865603;-0,0048;0,3194;0,9869;1,037
5,868232;-0,0011;0,3236;0,9901;1,042
5,870037;0,0051;0,3332;1,0014;1,055
5,874838;0,0073;0,3462;1,0185;1,076
5,878653;0,0084;0,3566;1,0326;1,092
5,882212;0,0067;0,3634;1,0397;1,101
5,886189;0,0028;0,3632;1,0452;1,107
5,893216;0,0024;0,3574;1,0438;1,103
