time,ax,ay,az,atotal,Resultante
0.019622087,-0.29,-0.06,-0.3,0.42,0.376696164
0.021321058,-0.36,-0.05,-0.67,0.76,0.57497826
0.022542,-0.2,-0.1,-0.12,0.25,0.251992063
0.02741909,-0.17,-0.09,0.13,0.23,0.222036033
0.044200897,0.04,-0.15,0.09,0.17,0.096953597
0.047576904,0.07,-0.24,0.07,0.25,0.112249722
0.058893204,0.05,-0.23,-0.04,0.23,0.190262976
0.067363024,0,-0.07,-0.13,0.14,0.223383079
0.077970028,-0.03,0.14,-0.06,0.15,0.083066239
0.087440014,-0.01,0.18,0.01,0.18,0.130766968
0.113327026,0.06,0.07,0.02,0.09,0.075498344
0.114602089,0.04,0,0.04,0.05,0.092195445
0.116827011,-0.03,0.06,0.04,0.07,0.059160798
0.127343178,-0.06,0.01,0.05,0.07,0.078102497
0.13766098,0,-0.03,0.02,0.03,0.053851648
0.147639036,0.02,0,-0.02,0.02,0.070710678
0.157810211,-0.02,0.05,0.01,0.05,0.031622777
0.167232037,-0.05,0.05,0,0.07,0.046904158
0.177638054,-0.03,0.02,0.03,0.04,0.041231056
0.187283039,-0.04,0.02,0.07,0.08,0.07
0.218512058,-0.01,0.04,0.01,0.04,0.204694895
0.220444202,-0.04,-0.07,-0.16,0.17,0.064031242
0.22171998,-0.01,-0.11,-0.12,0.16,0.358189894
0.226480007,0.08,0.08,0.17,0.2,0.076811457
0.236320972,0.01,0.05,0.18,0.18,0.211896201
0.247000217,-0.03,-0.07,0.01,0.07,0.102469508
0.257058144,-0.07,-0.12,-0.07,0.15,0.042426407
0.267399073,-0.04,-0.09,-0.07,0.12,0.13453624
0.277257919,-0.03,-0.03,0.05,0.06,0.066332496
0.286635876,-0.01,0.03,0.07,0.07,0.04472136
0.313760996,0.01,0.03,0.03,0.04,0.082462113
0.315433979,-0.01,0.03,-0.05,0.05,0.037416574
0.31656909,-0.02,0.06,-0.03,0.06,0.063245553
0.328240871,-0.04,0.06,0.03,0.07,0.06164414
0.336604118,-0.06,0.01,0,0.06,0.058309519
0.346567154,-0.03,-0.04,0,0.05,0.06
0.356637001,-0.05,-0.08,-0.04,0.1,0.02236068
0.366049051,-0.05,-0.09,-0.02,0.1,0.01
0.376416206,-0.05,-0.09,-0.01,0.1,0.033166248
0.386394978,-0.06,-0.1,-0.04,0.12,0.03
0.414691925,-0.05,-0.12,-0.02,0.13,0.070710678
0.416376114,-0.01,-0.07,0.01,0.07,0.037416574
0.417598009,0.01,-0.04,0.02,0.04,0.071414284
0.425601006,-0.04,-0.03,-0.03,0.05,0.042426407
0.436211109,-0.05,-0.02,-0.07,0.08,0.046904158
0.446346998,-0.02,0,-0.04,0.04,0.04472136
0.455918074,-0.02,0.02,0,0.02,0.033166248
0.466462135,-0.05,0.03,-0.01,0.05,0.064031242
0.476098061,-0.02,-0.01,-0.05,0.05,0.06164414
0.486104012,0.01,-0.03,0,0.03,0.059160798
0.513926029,-0.04,-0.02,0.03,0.05,0.041231056
0.51541996,-0.05,-0.06,0.03,0.08,0.053851648
0.516425133,-0.01,-0.09,0.01,0.09,0.054772256
0.529456139,-0.06,-0.07,0,0.09,0.072111026
0.535379887,-0.1,-0.07,-0.06,0.13,0.037416574
0.545798063,-0.07,-0.05,-0.07,0.11,0.098994949
0.555877209,-0.04,0.03,-0.02,0.05,0.024494897
0.565670013,-0.05,0.02,-0.04,0.06,0.031622777
0.575887203,-0.06,-0.01,-0.04,0.07,0.014142136
0.585453987,-0.05,-0.02,-0.04,0.06,0.037416574
0.615204096,-0.07,0.01,-0.05,0.08,0.037416574
0.616657019,-0.1,0.02,-0.03,0.1,0.076157731
0.618247986,-0.03,0.02,0,0.03,0.05
0.6253829,-0.03,-0.03,0,0.04,0.01
0.635274887,-0.04,-0.03,0,0.05,0.046904158
0.645151138,-0.02,-0.06,0.03,0.06,0.028284271
0.656116009,-0.04,-0.08,0.03,0.09,0.036055513
0.665037155,-0.02,-0.08,0,0.08,0.046904158
0.675706863,0.01,-0.05,-0.02,0.05,0.031622777
0.684997082,0.02,-0.05,-0.05,0.07,0.045825757
0.719693184,0.01,-0.03,-0.09,0.09,0.034641016
0.721568108,-0.01,-0.01,-0.07,0.07,0.036055513
0.723080158,-0.01,0.02,-0.09,0.09,0.034641016
0.72466898,-0.03,0,-0.07,0.07,0.03
0.744202137,-0.01,-0.01,-0.05,0.05,0.063245553
0.745800018,-0.01,-0.03,0.01,0.03,0.070710678
0.758738041,0.03,-0.06,0.06,0.09,0.014142136
0.764194965,0.03,-0.07,0.05,0.09,0.057445626
0.775918007,0.01,-0.05,0,0.05,0.074833148
0.78521204,-0.03,-0.07,-0.06,0.09,0.036055513
0.81338501,-0.03,-0.05,-0.09,0.1,0.053851648
0.815150023,0.01,-0.02,-0.11,0.11,0.02236068
0.816282034,0.02,-0.04,-0.11,0.11,0.064031242
0.826973915,0.04,-0.05,-0.05,0.08,0.042426407
0.833891869,0.03,-0.04,-0.01,0.05,0.045825757
0.844527006,0.04,-0.02,0.03,0.05,0.057445626
0.854537964,0.02,0,-0.02,0.02,0.072801099
0.864513874,-0.04,-0.01,-0.06,0.07,0.053851648
0.875016212,-0.02,0.02,-0.02,0.03,0.059160798
0.884176016,0.03,0.01,0.01,0.03,0.06164414
0.919229031,0.06,-0.04,0.03,0.07,0.045825757
0.921108007,0.02,-0.06,0.02,0.06,0.115758369
0.922535896,0,-0.09,-0.09,0.12,0.188944436
0.925817966,-0.01,-0.19,-0.25,0.31,0.179164729
0.942571163,0.03,-0.12,-0.09,0.15,0.207364414
0.944324017,0.09,0.03,0.04,0.1,0.050990195
0.95855999,0.05,0,0.05,0.07,0.014142136
0.963557005,0.06,0,0.04,0.07,0.096436508
0.975935936,-0.02,0.02,-0.01,0.03,0.053851648
0.984210968,-0.04,0.02,-0.06,0.07,0.04472136
1.01205802,-0.04,0.04,-0.02,0.06,0.064031242
1.013605118,0,0.01,0.02,0.02,0.124498996
1.014719963,0.09,-0.06,-0.03,0.11,0.02
1.026721001,0.11,-0.06,-0.03,0.12,0.112249722
1.033438206,0.02,0,0,0.02,0.09797959
1.04344511,-0.06,0.04,-0.04,0.08,0.053851648
1.053242207,-0.08,0,-0.07,0.1,0.053851648
1.063389063,-0.03,0,-0.09,0.09,0.045825757
1.073476076,0.01,0.02,-0.08,0.08,0.059160798
1.083404064,0.04,0.07,-0.07,0.1,0.058309519
1.110672951,0.01,0.1,-0.03,0.1,0.041231056
1.112066984,-0.01,0.13,-0.05,0.13,0.037416574
1.113342047,0.01,0.12,-0.02,0.12,0.033166248
1.129210949,0,0.09,-0.01,0.09,0.067082039
1.132580996,-0.03,0.03,-0.01,0.04,0.028284271
1.14428997,-0.03,0.01,0.01,0.03,0.037416574
1.152780056,-0.05,-0.02,0.02,0.05,0.03
1.16363287,-0.03,-0.04,0.01,0.05,0.036055513
1.173091888,-0.03,-0.06,-0.02,0.06,0.02
1.182727098,-0.01,-0.06,-0.02,0.06,0.028284271
1.211721897,0.01,-0.06,-0.04,0.07,0.02236068
1.213496208,0.01,-0.07,-0.06,0.09,0.108166538
1.214657068,0.03,0,0.02,0.03,0.037416574
1.222044945,0.05,0.03,0.03,0.06,0.072111026
1.232811928,0.05,-0.01,-0.03,0.05,0.058309519
1.24277401,0.02,-0.04,-0.07,0.08,0.082462113
1.252334118,0.02,-0.06,0.01,0.06,0.085440037
1.262928009,0.02,-0.09,0.09,0.12,0.024494897
1.272700071,0.03,-0.11,0.1,0.15,0.080622577
1.282719135,0.05,-0.16,0.04,0.17,0.033166248
1.309896946,0.04,-0.15,0.01,0.15,0.059160798
1.311522007,0.01,-0.1,0,0.1,0.037416574
1.312737942,-0.01,-0.09,0.03,0.09,0.082462113
1.329022884,-0.03,-0.17,0.03,0.17,0.037416574
1.332009077,0,-0.15,0.02,0.15,0.028284271
1.342280865,0,-0.17,0,0.17,0.037416574
1.351948023,-0.02,-0.14,-0.01,0.14,0.112249722
1.362248898,-0.01,-0.04,0.04,0.05,0.053851648
1.372101068,0.01,0,0.07,0.07,0.041231056
1.381726027,0.03,0.03,0.09,0.09,0.033166248
1.406468868,0.04,0.04,0.06,0.08,0.046904158
1.408176899,0.02,0.01,0.09,0.09,0.045825757
1.411586046,0,-0.03,0.08,0.08,0.075498344
1.428501129,-0.05,-0.07,0.04,0.09,0.067082039
1.431596994,-0.1,-0.11,0.02,0.15,0.037416574
1.444007874,-0.09,-0.14,0.04,0.17,0.076811457
1.451636076,-0.04,-0.11,0.09,0.14,0.06164414
1.462224007,-0.01,-0.06,0.11,0.12,0.064031242
1.472112179,0.03,-0.03,0.07,0.08,0.064807407
1.482696056,0.02,0.01,0.02,0.03,0.087749644
1.511646986,-0.03,0.07,-0.02,0.07,0.078102497
1.513504028,-0.03,0.02,-0.08,0.08,0.060827625
1.514734983,-0.02,-0.04,-0.08,0.09,0.050990195
1.529057026,-0.03,-0.07,-0.04,0.08,0.08660254
1.530963898,-0.02,-0.12,0.03,0.12,0.060827625
1.543049097,-0.01,-0.12,0.09,0.15,0.014142136
1.551416874,0,-0.13,0.09,0.15,0.043588989
1.561666012,0.01,-0.16,0.06,0.17,0.043588989
1.570969105,0.04,-0.13,0.05,0.14,0.033166248
1.581351042,0.01,-0.14,0.04,0.14,0.067082039
1.608994961,-0.01,-0.18,-0.01,0.18,0.11045361
1.610487938,0.08,-0.23,-0.05,0.24,0.157797338
1.61165905,0.15,-0.13,0.05,0.2,0.242280829
1.629204988,-0.06,-0.08,0.16,0.18,0.116619038
1.630792141,0,-0.16,0.22,0.27,0.245967478
1.642914057,0.21,-0.08,0.32,0.39,0.100995049
1.650433064,0.22,-0.09,0.22,0.32,0.243515913
1.661118031,0.13,-0.25,0.06,0.28,0.100498756
1.670701981,0.09,-0.32,0,0.33,0.111803399
1.681387901,0.04,-0.4,-0.06,0.4,0.156524758
1.708201885,0.12,-0.49,0.04,0.5,0.184661853
1.709768057,0.21,-0.51,0.2,0.58,0.064807407
1.711038113,0.25,-0.56,0.19,0.64,0.16673332
1.728824139,0.35,-0.59,0.06,0.68,0.161245155
1.730656147,0.35,-0.51,-0.08,0.62,0.157480157
1.744837046,0.25,-0.53,-0.2,0.61,0.247184142
1.75002408,0.16,-0.76,-0.19,0.79,0.180554701
1.760387897,0.15,-0.93,-0.13,0.95,0.172916165
1.770277023,0.22,-1.08,-0.08,1.1,0.260192237
1.780345917,0.23,-1.34,-0.08,1.36,0.212602916
1.80936408,0.27,-1.54,-0.02,1.56,0.053851648
1.811080933,0.24,-1.58,0,1.59,0.139283883
1.812174082,0.15,-1.65,-0.08,1.65,0.122065556
1.819715023,0.09,-1.73,-0.15,1.73,0.09486833
1.829493999,0.04,-1.72,-0.23,1.73,0.045825757
1.839783192,0.06,-1.71,-0.27,1.73,0.031622777
1.849844933,0.06,-1.72,-0.3,1.74,0.081240384
1.860146046,0.05,-1.71,-0.38,1.75,0.146969385
1.870446205,0.01,-1.85,-0.36,1.88,0.262488095
1.879947186,0.09,-2.09,-0.29,2.11,0.247790234
1.905733109,0.22,-2.3,-0.27,2.32,0.43
1.907311916,0.28,-2.72,-0.34,2.75,0.350713558
1.909010887,0.3,-3.07,-0.35,3.1,0.267020598
1.919342995,0.31,-3.33,-0.29,3.35,0.253771551
1.929835081,0.23,-3.57,-0.27,3.58,0.405709256
1.940247059,0.12,-3.95,-0.36,3.96,0.525071424
1.949308872,-0.04,-4.45,-0.37,4.46,0.248394847
1.959707022,0.01,-4.69,-0.33,4.7,0.082462113
1.969353199,0.09,-4.69,-0.31,4.7,0.053851648
1.979774952,0.05,-4.66,-0.33,4.67,0.115758369
2.005598068,-0.02,-4.73,-0.39,4.74,0.148996644
2.006880045,-0.13,-4.63,-0.4,4.64,0.225166605
2.008744001,-0.26,-4.46,-0.47,4.49,0.086023253
2.029411077,-0.29,-4.38,-0.48,4.41,0.246981781
2.031310081,-0.17,-4.17,-0.43,4.19,0.329089653
2.042181015,-0.12,-3.94,-0.2,3.94,0.258069758
2.049143076,-0.19,-3.75,-0.04,3.75,0.340587727
2.060358047,-0.11,-3.45,0.1,3.45,0.078740079
2.069475174,-0.17,-3.46,0.15,3.46,0.153622915
2.079244137,-0.15,-3.6,0.09,3.6,0.117473401
2.107582092,-0.04,-3.61,0.13,3.61,0.206155281
2.109657049,0.06,-3.44,0.19,3.44,0.160312195
2.110920906,0,-3.3,0.24,3.3,0.236220236
2.129786015,-0.02,-3.07,0.29,3.08,0.297657521
2.131640911,-0.08,-2.78,0.32,2.79,0.260192237
2.142616987,-0.2,-2.56,0.25,2.57,0.31
2.148396969,-0.26,-2.29,0.11,2.3,0.412431813
2.159675121,-0.27,-1.89,0.01,1.9,0.599749948
2.168660164,-0.31,-1.3,0.11,1.34,0.581721583
2.178780079,-0.27,-0.72,0.13,0.77,0.438748219
2.208259106,-0.15,-0.31,0.03,0.34,0.451884941
2.210114002,0.04,0.09,-0.06,0.11,0.404351332
2.211654186,0.21,0.44,-0.17,0.51,0.307408523
2.229083061,0.27,0.74,-0.2,0.81,0.413521463
2.230683088,0.25,1.15,-0.15,1.18,0.23
2.242222071,0.22,1.29,-0.33,1.34,0.370270172
2.247890949,0.35,1.1,-0.62,1.31,0.194164878
2.259702206,0.54,1.1,-0.66,1.39,0.320624391
2.268534184,0.64,1.38,-0.54,1.61,0.197989899
2.278440952,0.62,1.56,-0.46,1.74,0.294957624
2.306977987,0.43,1.61,-0.68,1.79,0.583180932
2.309018135,-0.06,1.87,-0.86,2.05,0.538330753
2.310339928,-0.5,2.16,-0.97,2.42,0.436921045
2.317604065,-0.59,2.58,-0.89,2.79,0.362491379
2.328157902,-0.62,2.94,-0.86,3.12,0.377756535
2.337424994,-0.49,3.27,-0.73,3.38,0.568858506
2.34812212,-0.05,3.47,-0.43,3.49,0.398622629
2.358129025,0.19,3.25,-0.66,3.32,0.495378643
2.367686987,0.17,2.9,-1.01,3.07,0.229128785
2.378087997,-0.02,2.8,-1.09,3,0.126885775
2.403702021,-0.14,2.84,-1.08,3.04,0.283901391
2.405081034,-0.11,3.1,-1.19,3.32,0.328176782
2.406971931,-0.07,3.41,-1.29,3.64,0.323109888
2.41719389,0.11,3.65,-1.41,3.91,0.366742416
2.427440166,0.29,3.95,-1.52,4.24,0.288097206
2.437388897,0.32,4.2,-1.66,4.52,0.532259335
2.447900057,0.36,4.59,-2.02,5.02,0.655438784
2.457408905,0.14,5.15,-2.28,5.63,0.730136973
2.467549086,-0.15,5.82,-2.27,6.24,0.476864761
2.477857113,-0.07,6.29,-2.28,6.69,0.517107339
2.506834984,0.12,6.77,-2.31,7.15,0.475499737
2.508416176,0.3,7.18,-2.47,7.59,0.303479818
2.509549141,0.44,7.32,-2.7,7.81,0.216564078
2.516678095,0.38,7.44,-2.87,7.98,0.254165301
2.527283192,0.52,7.47,-3.08,8.09,0.366196668
2.536665916,0.39,7.51,-3.42,8.26,0.566215507
2.547424078,0.09,7.76,-3.83,8.65,0.428719022
2.557021141,-0.02,8.15,-3.97,9.06,0.320156212
2.567170143,0.08,8.45,-3.92,9.31,0.519037571
2.577193022,0.46,8.8,-3.97,9.66,0.267768557
2.602684021,0.65,8.96,-4.07,9.86,0.211187121
2.603828907,0.58,9.15,-4.01,10,0.404103947
2.605999947,0.56,9.45,-3.74,10.17,0.096953597
2.616999149,0.53,9.52,-3.68,10.22,0.197989899
2.626682043,0.43,9.36,-3.74,10.08,0.264764046
2.637125015,0.25,9.2,-3.63,9.89,0.22737634
2.646445036,0.09,9.26,-3.48,9.89,0.184661853
2.656311989,-0.05,9.18,-3.57,9.84,0.326649659
2.666643143,0,8.87,-3.66,9.59,0.371214224
2.676591873,0.36,8.86,-3.57,9.55,0.516333226
2.701830864,0.77,9.13,-3.41,9.77,0.281780056
2.703123093,0.73,9.4,-3.48,10.05,0.414004831
2.705921173,0.44,9.67,-3.36,10.24,0.56833089
2.717521191,0.03,10.02,-3.18,10.51,0.661059755
2.727291107,-0.32,10.58,-3.15,11.04,0.527825729
2.73656702,-0.41,11.1,-3.16,11.54,0.317804972
2.746280193,-0.41,11.41,-3.09,11.82,0.219317122
2.756577969,-0.41,11.5,-2.89,11.86,0.443734155
2.766512871,-0.18,11.62,-2.53,11.89,0.430464865
2.776616096,0.17,11.4,-2.41,11.65,0.953152664
2.80002594,0.44,10.5,-2.57,10.81,1.175627492
2.801251888,0.57,9.34,-2.71,9.74,1.048045801
2.805183887,0.59,8.32,-2.47,8.69,1.215442306
2.815290928,0.39,7.3,-1.84,7.53,1.537823137
2.826063156,0.07,5.9,-1.29,6.03,2.018068383
2.835834026,-0.23,3.91,-1.14,4.07,1.990628042
2.845632076,-0.74,2.03,-0.73,2.28,1.194110548
2.855519056,-0.97,0.9,-1.04,1.68,3.044026938
2.865346909,-1.62,-1.54,-2.74,3.53,4.253868827
2.875833035,-2.75,-5.22,-4.55,7.45,4.47519832
2.901946068,-2.46,-8.9,-7.08,11.63,3.372758515
2.903241158,-1.65,-11.53,-5.13,12.72,4.077290767
2.904812098,-0.5,-12.1,-1.26,12.17,2.142731901
2.914710999,0.16,-14.11,-0.92,14.14,3.049491761
2.92550087,0.2,-16.98,-1.95,17.09,1.912955828
2.935425997,0.29,-18.75,-2.67,18.94,0.773175271
2.945275068,-0.03,-19.4,-2.4,19.54,1.089082182
2.955964088,-0.27,-18.51,-1.82,18.6,1.673260291
2.96529603,-0.17,-16.94,-1.25,16.98,1.230690863
2.975332022,0.24,-16.03,-1.97,16.15,1.115750868
3.001984119,0.97,-15.95,-2.81,16.22,1.041825321
3.00374794,1.7,-15.24,-3.03,15.63,1.556952151
3.004976988,2.21,-13.78,-3.21,14.32,1.750114282
3.01407814,2.21,-12.03,-3.19,12.64,2.070772803
3.025268078,1.62,-10.05,-3.05,10.62,1.984590638
3.035027981,0.81,-8.24,-2.97,8.79,1.379093905
3.045106888,0.28,-6.97,-2.88,7.54,0.89
3.054718018,0,-6.16,-2.64,6.7,0.552539591
3.06496501,-0.08,-5.74,-2.29,6.18,0.382361086
3.074953079,0.22,-5.85,-2.08,6.21,0.65
3.085863113,0.55,-6.41,-2.08,6.76,0.64101482
3.1034832,0.57,-7.05,-2.05,7.36,0.68745909
3.104763031,0.54,-7.71,-1.86,7.94,0.745251635
3.113795042,0.45,-8.44,-1.74,8.62,0.959583243
3.124572039,0.17,-9.34,-1.56,9.47,0.719513725
3.134487152,0.03,-10.04,-1.47,10.14,0.670298441
3.14469099,-0.01,-10.7,-1.36,10.78,0.478121324
3.154644012,0.06,-11.16,-1.25,11.22,0.290344623
3.164382935,0.07,-11.45,-1.26,11.51,0.408044115
3.175153017,0.02,-11.67,-1.6,11.77,0.487134478
3.204061985,0.1,-11.77,-2.07,11.95,0.308868904
3.206068039,0.22,-11.68,-2.34,11.91,0.410121933
3.208105087,0.34,-11.31,-2.47,11.58,0.610327781
3.213402987,0.29,-10.71,-2.57,11.01,0.495075752
3.223248959,0.3,-10.22,-2.64,10.55,0.533010319
3.234268188,0.5,-9.82,-2.93,10.25,0.359026461
3.243688107,0.67,-9.72,-3.23,10.26,0.335857112
3.253614902,0.83,-9.58,-2.97,10.06,0.609343909
3.264240026,1.17,-9.37,-2.51,9.77,0.257875939
3.274211884,1.22,-9.45,-2.27,9.79,0.454972527
3.30235815,0.95,-9.66,-1.97,9.9,0.519422757
3.304431915,0.74,-10.02,-1.66,10.18,0.605640157
3.30569005,0.66,-10.62,-1.64,10.76,0.796115569
3.312903881,0.65,-11.33,-2,11.52,0.624899992
3.326255083,0.64,-11.73,-2.48,12,0.264196896
3.333474159,0.72,-11.7,-2.73,12.03,0.484664833
3.343352079,0.78,-11.22,-2.7,11.56,1.955965235
3.353800058,0.73,-9.59,-1.62,9.75,5.113795068
3.36343503,0.96,-5.85,1.86,6.21,5.456665649
3.373164177,1.32,-1.55,5.2,5.58,3.010066444
3.399719,1.21,1.45,5.42,5.73,3.768965375
3.401004076,0.6,2.68,1.91,3.34,4.796258959
3.402604103,0.42,3.39,-2.83,4.43,2.988929574
3.412523985,0.14,4.31,-5.66,7.11,0.997296345
3.423228025,-0.25,5.15,-6.03,7.93,3.143421703
3.432766914,-0.26,7.26,-3.7,8.15,4.213537706
3.443179131,-0.59,10.19,-0.69,10.23,2.841284921
3.453388214,-1.19,12.67,0.56,12.73,1.334316304
3.463618994,-1.13,13.85,-0.06,13.89,0.971287805
3.47461009,-0.64,14.28,-0.78,14.31,1.84921605
3.498234987,-0.5,12.88,-1.98,13.04,2.239709803
3.499825954,0.05,10.71,-2.05,10.9,2.916024691
3.502337933,0.87,7.93,-1.73,8.16,2.843255177
3.51206398,1,5.09,-1.77,5.48,2.235732542
3.522886038,0.03,3.09,-2.01,3.68,1.555827754
3.533097029,-1.34,2.4,-1.75,3.25,0.902773504
3.542632103,-2.03,2.98,-1.7,3.98,1.841656863
3.552501202,-1.69,4.79,-1.7,5.35,2.829222508
3.562879086,-0.54,7.37,-1.54,7.54,2.9247564
3.572687149,0.56,10.08,-1.55,10.21,2.123252222
3.599425077,1.19,12.05,-2.03,12.27,1.44934468
3.600984097,1.33,12.24,-3.46,12.78,1.662377815
3.602091074,1.18,11.11,-4.67,12.1,1.577212731
3.611832142,0.96,9.57,-4.41,10.58,1.783563848
3.622756004,0.73,8.36,-3.12,8.95,1.580822571
3.631953001,0.5,7.42,-1.87,7.66,0.930483745
3.64249301,-0.14,6.81,-1.58,6.99,0.674536878
3.651777029,-0.69,6.72,-1.96,7.03,0.832466216
3.662742138,-0.78,7.32,-2.53,7.78,0.843208159
3.672363997,-1.07,8.02,-2.9,8.59,1.074476617
3.70066309,-1.01,9.05,-2.6,9.47,1.134592438
3.702754021,-0.48,9.97,-2.2,10.22,0.668505797
3.704378128,0.1,10.21,-2.43,10.49,0.561782876
3.711675167,0.42,10.35,-2.87,10.74,0.292745623
3.722661018,0.2,10.42,-3.05,10.85,0.426497362
3.732161999,-0.13,10.15,-3.04,10.59,0.483011387
3.741909981,-0.33,9.73,-2.91,10.16,0.703491293
3.751561165,-0.53,9.08,-2.73,9.49,0.756306816
3.76158905,-0.63,8.34,-2.61,8.76,0.680734897
3.771347046,-0.55,7.75,-2.28,8.09,0.685638389
3.797984123,-0.47,7.16,-1.94,7.43,0.711125868
3.799572945,-0.31,6.51,-1.7,6.73,0.601082357
3.800794125,-0.1,5.97,-1.54,6.16,0.374432905
3.810760975,-0.01,5.61,-1.49,5.8,0.113578167
3.821202993,-0.08,5.53,-1.53,5.73,0.278028775
3.831225872,-0.23,5.75,-1.61,5.97,0.357910603
3.841880083,-0.39,6.06,-1.69,6.3,0.278028775
3.851660013,-0.51,6.31,-1.71,6.55,0.143527001
3.861554146,-0.45,6.42,-1.78,6.67,0.142478068
3.871141911,-0.34,6.33,-1.79,6.58,0.304795013
3.900136948,-0.11,6.17,-1.67,6.39,0.419285106
3.90200901,0,5.91,-1.36,6.06,0.595986577
3.903106213,-0.08,5.39,-1.08,5.49,0.744110207
3.910975933,-0.18,4.7,-0.82,4.77,0.828492607
3.92120409,-0.26,3.9,-0.62,3.95,0.929838696
3.930775166,-0.4,2.99,-0.49,3.05,0.959687449
3.941600084,-0.51,2.04,-0.41,2.14,0.900943949
3.950581074,-0.52,1.14,-0.37,1.3,0.800999376
3.96095705,-0.52,0.34,-0.33,0.7,0.691447757
3.970665932,-0.58,-0.34,-0.44,0.8,0.784346862
3.999588013,-0.68,-1.08,-0.68,1.44,0.858545281
4.001425028,-0.79,-1.91,-0.87,2.24,0.966333276
4.00258112,-0.8,-2.87,-0.98,3.13,0.934398202
4.010151863,-0.65,-3.78,-1.13,3.99,0.190525589
4.013190031,-0.64,-3.77,-1.32,4.04,0.76661594
4.026926041,-0.42,-4.5,-1.4,4.73,0.771103106
4.033378124,-0.13,-5.21,-1.48,5.41,0.738241153
4.044154167,0.07,-5.9,-1.65,6.12,0.677347769
4.053776026,0.21,-6.56,-1.71,6.78,0.742765104
4.063778877,0.39,-7.28,-1.68,7.48,0.68687699
4.074364185,0.58,-7.94,-1.69,8.13,0.592368129
4.09678793,0.57,-8.52,-1.81,8.72,0.688258672
4.098412037,0.41,-9.17,-1.97,9.38,0.488876262
4.102902889,0.27,-9.62,-2.1,9.85,0.09
4.113315105,0.26,-9.66,-2.18,9.9,0.206155281
4.123535156,0.21,-9.5,-2.06,9.72,0.34190642
4.133688927,0.24,-9.28,-1.8,9.45,0.547448628
4.143507004,0.47,-8.9,-1.48,9.03,0.4982971
4.153326988,0.6,-8.55,-1.15,8.64,0.300333148
4.163872004,0.65,-8.26,-1.09,8.35,0.542862782
4.174417973,0.76,-8.11,-1.6,8.3,0.505470078
4.19443202,0.65,-7.64,-1.75,7.86,0.869770085
4.196002007,0.65,-6.81,-1.49,7,1.13079618
4.202446938,0.74,-5.76,-1.08,5.9,1.454957044
4.212986946,0.71,-4.38,-0.62,4.48,1.219754074
4.223061085,0.56,-3.2,-0.35,3.26,1.140701539
4.233311176,0.44,-2.08,-0.17,2.13,1.147039668
4.243349075,0.36,-0.95,0.01,1.01,0.926390846
4.252948046,0.3,-0.06,0.26,0.4,0.607371386
4.263436079,0.22,0.53,0.38,0.68,0.461085675
4.273143053,0.11,0.94,0.56,1.09,0.222261108
4.295905113,-0.06,1.07,0.62,1.23,0.432319326
4.297703981,-0.19,0.69,0.46,0.85,0.564446632
4.302299023,-0.15,0.16,0.27,0.34,0.413400532
4.312376976,0.03,-0.16,0.46,0.48,0.31591138
4.322633028,0.13,-0.43,0.59,0.74,0.413400532
4.332407951,0.01,-0.8,0.45,0.91,0.178325545
4.343326092,-0.09,-0.93,0.38,1,0.187082869
4.352668047,-0.19,-0.98,0.23,1.02,0.227596134
4.362873077,-0.24,-1.11,0.05,1.13,0.178325545
4.372631073,-0.23,-1.22,-0.09,1.24,0.102956301
4.392960072,-0.14,-1.22,-0.14,1.23,0.192093727
4.394357204,0.02,-1.14,-0.07,1.14,0.167630546
4.401680946,0.12,-1.04,0.02,1.04,0.235372046
4.411805153,0.12,-0.81,0.07,0.82,0.308706981
4.422012091,0.21,-0.55,-0.07,0.59,0.293087018
4.43248415,0.18,-0.28,-0.18,0.37,0.306104557
4.442173004,0.1,-0.01,-0.3,0.31,0.276224546
4.452113152,0.07,0.14,-0.53,0.55,0.139283883
4.46250701,0.06,0.26,-0.6,0.65,0.206155281
4.472435951,0.09,0.3,-0.4,0.5,0.289309523
4.494180202,0.16,0.28,-0.12,0.34,0.142478068
4.495872974,0.17,0.17,-0.03,0.24,0.107703296
4.501180172,0.13,0.07,-0.03,0.15,0.064031242
4.511512995,0.09,0.03,0,0.09,0.072801099
4.521522999,0.05,0.09,0.01,0.1,0.06164414
4.531694889,0.03,0.14,0.04,0.14,0.086023253
4.54193902,0.08,0.21,0.04,0.22,0.076157731
4.551570892,0.11,0.28,0.04,0.3,0.09486833
4.561964989,0.11,0.37,0.01,0.38,0.081853528
4.572404861,0.04,0.4,-0.02,0.4,0.133790882
4.595705032,-0.03,0.37,-0.13,0.39,0.096953597
4.597315073,-0.01,0.34,-0.22,0.4,0.076811457
4.600885868,0.04,0.29,-0.19,0.34,0.183847763
4.611146927,0.12,0.22,-0.04,0.25,0.156843871
4.621500015,0.13,0.08,-0.11,0.18,0.208326667
4.631247997,0.12,-0.09,-0.23,0.27,0.261342687
4.6497159,-0.03,-0.26,-0.1,0.28,0.130766968
4.660130024,-0.02,-0.39,-0.11,0.4,0.084852814
4.669571877,0.06,-0.37,-0.09,0.38,0.194679223
4.698006153,0.09,-0.18,-0.06,0.21,0.141774469
4.699959993,0.05,-0.05,-0.1,0.12,0.076811457
4.701159954,0.04,0.02,-0.13,0.13,0.104880885
4.709194183,0.09,0.09,-0.19,0.22,0.069282032
4.718976021,0.05,0.13,-0.23,0.26,0.082462113
4.72859621,0.11,0.09,-0.19,0.23,0.108166538
4.738697052,0.13,0.01,-0.12,0.17,0.111803399
4.749325037,0.09,-0.09,-0.09,0.15,0.091104336
4.758996964,0.1,-0.1,0,0.14,0.103440804
4.768599987,0.09,-0.05,0.09,0.13,0.050990195
4.799040079,0.12,-0.04,0.05,0.13,0.098994949
4.800469875,0.13,0,-0.04,0.13,0.1396424
4.80154109,0.08,0.07,-0.15,0.18,0.073484692
4.809997082,0.03,0.12,-0.13,0.17,0.086023253
4.818408966,0,0.16,-0.06,0.17,0.09486833
4.828658104,0.07,0.11,-0.1,0.16,0.12083046
4.83800602,0.04,0,-0.06,0.07,0.125698051
4.848315001,0.07,-0.1,0.01,0.12,0.115758369
4.858741045,0.05,-0.19,0.08,0.21,0.067082039
4.867987156,-0.01,-0.22,0.08,0.23,0.083666003
4.897797108,-0.06,-0.25,0.02,0.25,0.220454077
4.899708033,-0.03,-0.19,-0.19,0.27,0.18547237
4.900928974,-0.05,-0.01,-0.15,0.15,0.103440804
4.908683062,-0.04,0.04,-0.06,0.08,0.828733974
4.917356968,-0.32,0.04,-0.84,0.89,1.151347037
4.927790165,-0.24,0.18,0.3,0.42,0.513614642
4.937745094,0.21,0,0.13,0.24,0.111803399
4.947619915,0.1,0,0.15,0.18,0.122474487
4.958034039,0,0.01,0.08,0.08,0.134164079
4.967489004,0,-0.05,-0.04,0.06,0.357910603
4.995848179,0.08,0.11,0.27,0.3,0.217715411
4.997622967,-0.03,0.03,0.1,0.1,0.200748599
4.998784065,0,-0.12,-0.03,0.12,0.082462113
5.009370089,0.02,-0.12,-0.11,0.16,0.164012195
